"","Original address","Freq","Location.Address"
"1","5700 S. Maryland ",176,"5700 South Maryland "
"2","5815 S. Maryland ",126,"5815 South Maryland "
"3","6031 S. Ellis ",119,"6031 South Ellis "
"4","901 E. 58th St. ",91,"901 East 58th Street "
"5","6054 S. Drexel",86,"6054 South Drivexel"
"6","5758 S. Maryland ",84,"5758 South Maryland "
"7","5530 S. Ellis ",74,"5530 South Ellis "
"8","1100 E. 57th St. ",73,"1100 East 57th Street "
"9","850 E. 61st St. ",64,"850 East 61st Street "
"10","1414 E. 59th St. ",57,"1414 East 59th Street "
"11","5721 S. Maryland ",52,"5721 South Maryland "
"12","5500 S. University ",50,"5500 South University "
"13","970 E. 58th St. ",41,"970 East 58th Street "
"14","1005 E. 60th St. ",39,"1005 East 60th Street "
"15","5640 S. University ",39,"5640 South University "
"16","1101 E. 56th St. ",38,"1101 East 56th Street "
"17","6054 S. Drexel ",37,"6054 South Drivexel "
"18","915 E. 60th St. ",37,"915 East 60th Street "
"19","929 E. 57th St. ",36,"929 East 57th Street "
"20","5730 S. Drexel ",35,"5730 South Drivexel "
"21","5550 S. University ",34,"5550 South University "
"22","5706 S. University ",34,"5706 South University "
"23","1116 E. 59th St. ",32,"1116 East 59th Street "
"24","5840 S. Maryland ",32,"5840 South Maryland "
"25","1212 E. 59th St. ",31,"1212 East 59th Street "
"26","5807 S. Woodlawn ",31,"5807 South Woodlawn "
"27","5505 S. Ellis ",30,"5505 South Ellis "
"28","5555 S. Woodlawn ",30,"5555 South Woodlawn "
"29","5630 S. University ",28,"5630 South University "
"30","924 E. 57th St. ",28,"924 East 57th Street "
"31","5811 S. Ellis ",25,"5811 South Ellis "
"32","1362 E. 59th St. ",24,"1362 East 59th Street "
"33","860 E. 59th St. ",23,"860 East 59th Street "
"34","1111 E. 60th St. ",21,"1111 East 60th Street "
"35","5801 S. Ellis ",21,"5801 South Ellis "
"36","5730 S. Ellis ",20,"5730 South Ellis "
"37","1100 E. 58th St. ",19,"1100 East 58th Street "
"38","900 E. 57th St. ",19,"900 East 57th Street "
"39","950 E. 59th St. ",19,"950 East 59th Street "
"40","5625 S. Ellis ",18,"5625 South Ellis "
"41","5640 S. Ellis ",17,"5640 South Ellis "
"42","5800 S. Stony Island ",17,"5800 South Stony Island "
"43","5812 S. Ellis ",17,"5812 South Ellis "
"44","5841 S. Maryland ",17,"5841 South Maryland "
"45","5656 S. Maryland ",16,"5656 South Maryland "
"46","1155 E. 60th St. ",15,"1155 East 60th Street "
"47","1307 E. 60th St. ",14,"1307 East 60th Street "
"48","5835 S. Greenwood ",14,"5835 South Greenwood "
"49","850 E. 61st St.",14,"850 East 61st Street"
"50","1009 E. 57th St. ",13,"1009 East 57th Street "
"51","1155 E. 57th St. ",13,"1155 East 57th Street "
"52","5823 S. Kenwood ",13,"5823 South Kenwood "
"53","1101 E. 58th St. ",12,"1101 East 58th Street "
"54","1131 E. 57th St. ",12,"1131 East 57th Street "
"55","5735 S. Ellis ",12,"5735 South Ellis "
"56","5800 S. Greenwood ",12,"5800 South Greenwood "
"57","821 E. 55th St. ",12,"821 East 55th Street "
"58","1020 E. 58th St. ",11,"1020 East 58th Street "
"59","1155 E. 58th St. ",11,"1155 East 58th Street "
"60","5639 S. University ",11,"5639 South University "
"61","800 E. 55th St. ",11,"800 East 55th Street "
"62","1050 E. 59th St. ",10,"1050 East 59th Street "
"63","1118 E. 58th St. ",10,"1118 East 58th Street "
"64","5709 S. Ellis ",10,"5709 South Ellis "
"65","5757 S. University ",10,"5757 South University "
"66","5848 S. University ",10,"5848 South University "
"67","6025 S. Ellis ",10,"6025 South Ellis "
"68","920 E. 58th St. ",10,"920 East 58th Street "
"69","1010 E. 59th St. ",9,"1010 East 59th Street "
"70","5555 S. Ellis ",9,"5555 South Ellis "
"71","5700 S. Stony Island ",9,"5700 South Stony Island "
"72","5840 S. Kenwood ",9,"5840 South Kenwood "
"73","6045 S. Kenwood",9,"6045 South Kenwood"
"74","6300 S. University ",9,"6300 South University "
"75","1025 E. 58th St. ",8,"1025 East 58th Street "
"76","1101 E. 57th St. ",8,"1101 East 57th Street "
"77","1126 E. 59th St. ",8,"1126 East 59th Street "
"78","1427 E. 60th St. ",8,"1427 East 60th Street "
"79","5720 S. Ellis ",8,"5720 South Ellis "
"80","5747 S. Ellis ",8,"5747 South Ellis "
"81","5751 S. Woodlawn ",8,"5751 South Woodlawn "
"82","5835 S. Kimbark ",8,"5835 South Kimbark "
"83","6045 S. Kenwood ",8,"6045 South Kenwood "
"84","901 E. 58th St.",8,"901 East 58th Street"
"85","969 E. 60th St. ",8,"969 East 60th Street "
"86","1100 E. 57th St.",7,"1100 East 57th Street"
"87","5225 S. Cottage Grove ",7,"5225 South Cottage Grove "
"88","5700 S. Ellis ",7,"5700 South Ellis "
"89","5800 S. Stony Island",7,"5800 South Stony Island"
"90","5828 S. University ",7,"5828 South University "
"91","5850 S. Woodlawn ",7,"5850 South Woodlawn "
"92","5900 S. Woodlawn",7,"5900 South Woodlawn"
"93","947 E. 58th St. ",7,"947 East 58th Street "
"94","1115 E. 58th St. ",6,"1115 East 58th Street "
"95","5445 S. Ingleside ",6,"5445 South Ingleside "
"96","5482 S. Greenwood ",6,"5482 South Greenwood "
"97","5555 S. Woodlawn",6,"5555 South Woodlawn"
"98","5625 S. University ",6,"5625 South University "
"99","5700 S. University ",6,"5700 South University "
"100","5714 S. Woodlawn ",6,"5714 South Woodlawn "
"101","5747 S. University ",6,"5747 South University "
"102","5845 S. Ellis ",6,"5845 South Ellis "
"103","6000 S. Drexel ",6,"6000 South Drivexel "
"104","6030 S. Ellis ",6,"6030 South Ellis "
"105","940 E. 57th St. ",6,"940 East 57th Street "
"106","1101 E. 56th St.",5,"1101 East 56th Street"
"107","1130 E. 59th St. ",5,"1130 East 59th Street "
"108","1228 E. 53rd St. ",5,"1228 East 53rd Street "
"109","1407 E. 60th St. ",5,"1407 East 60th Street "
"110","1442 E. 59th St. ",5,"1442 East 59th Street "
"111","5050 S. Lake Shore Dr.",5,"5050 South Lake Shore Drive"
"112","5400 S. Woodlawn",5,"5400 South Woodlawn"
"113","5500 S. Woodlawn",5,"5500 South Woodlawn"
"114","5525 S. Ellis ",5,"5525 South Ellis "
"115","5540 S. Hyde Park ",5,"5540 South Hyde Park "
"116","5800 S. Ellis ",5,"5800 South Ellis "
"117","5839 S. Maryland ",5,"5839 South Maryland "
"118","6000 S. Ellis ",5,"6000 South Ellis "
"119","850 E. 58th St. ",5,"850 East 58th Street "
"120","933 E. 56th St. ",5,"933 East 56th Street "
"121","1029 E. 57th St. ",4,"1029 East 57th Street "
"122","1155 E. 60th St.",4,"1155 East 60th Street"
"123","1355 E. 53rd St. ",4,"1355 East 53rd Street "
"124","1452 E. 53rd St. ",4,"1452 East 53rd Street "
"125","5300 S. Dorchester ",4,"5300 South Dorchester "
"126","5300 S. Harper",4,"5300 South Harper"
"127","5316 S. Dorchester ",4,"5316 South Dorchester "
"128","5345 S. Harper ",4,"5345 South Harper "
"129","5535 S. Ellis ",4,"5535 South Ellis "
"130","5550 S. Greenwood ",4,"5550 South Greenwood "
"131","5601 S. Cottage Grove ",4,"5601 South Cottage Grove "
"132","5608 S. Stony Island",4,"5608 South Stony Island"
"133","5610 S. Drexel ",4,"5610 South Drivexel "
"134","5630 S. Ellis ",4,"5630 South Ellis "
"135","5700 S. Drexel ",4,"5700 South Drivexel "
"136","5700 S. University",4,"5700 South University"
"137","5700 S. Woodlawn ",4,"5700 South Woodlawn "
"138","5801 S. Dorchester ",4,"5801 South Dorchester "
"139","5824 S. Stony Island ",4,"5824 South Stony Island "
"140","5838 S. Kenwood ",4,"5838 South Kenwood "
"141","5900 S. Stony Island",4,"5900 South Stony Island"
"142","6000 S. Drexel",4,"6000 South Drivexel"
"143","6019 S. Ingleside",4,"6019 South Ingleside"
"144","6022 S. Drexel ",4,"6022 South Drivexel "
"145","6420 S. University ",4,"6420 South University "
"146","950 E. 61st St. ",4,"950 East 61st Street "
"147","951 E. 58th St. ",4,"951 East 58th Street "
"148","Unknown",4,"Unknown"
"149","1000 E. Midway Pl.",3,"1000 East Midway Plaisance"
"150","1010 E. 59th St.",3,"1010 East 59th Street"
"151","1100 E.57th St. ",3,"1100 East57th Street "
"152","1130 E. Midway Pl.",3,"1130 East Midway Plaisance"
"153","1144 E. 59th St. ",3,"1144 East 59th Street "
"154","1150 E. 58th St. ",3,"1150 East 58th Street "
"155","1346 E. 53rd St.",3,"1346 East 53rd Street"
"156","1346 E. 53rd St. ",3,"1346 East 53rd Street "
"157","1369 E. Hyde Park ",3,"1369 East Hyde Park "
"158","1400 E. Midway Pl.",3,"1400 East Midway Plaisance"
"159","1427 E. 60th St.",3,"1427 East 60th Street"
"160","1453 E. 53rd St.",3,"1453 East 53rd Street"
"161","1526 E. 55th St. ",3,"1526 East 55th Street "
"162","1539 E. 53rd St.",3,"1539 East 53rd Street"
"163","1554 E. 55th St. ",3,"1554 East 55th Street "
"164","1600 E. Midway Pl.",3,"1600 East Midway Plaisance"
"165","5020 S. Cornell ",3,"5020 South Cornell "
"166","5048 S. Cornell ",3,"5048 South Cornell "
"167","5107 S. Blackstone ",3,"5107 South Blackstone "
"168","5110 S. Kenwood ",3,"5110 South Kenwood "
"169","5200 S. Lake Park",3,"5200 South Lake Park"
"170","5235 S. Harper ",3,"5235 South Harper "
"171","5238 S. Harper ",3,"5238 South Harper "
"172","5300 S. Drexel",3,"5300 South Drivexel"
"173","5300 S. Ingleside",3,"5300 South Ingleside"
"174","5300 S. Lake Park",3,"5300 South Lake Park"
"175","5400 S. Ellis",3,"5400 South Ellis"
"176","5400 S. Ingleside ",3,"5400 South Ingleside "
"177","5400 S. Lake Park",3,"5400 South Lake Park"
"178","5401 S. Ellis",3,"5401 South Ellis"
"179","5454 S. Shore Dr. ",3,"5454 South Shore Drive "
"180","5455 S. Blackstone ",3,"5455 South Blackstone "
"181","5500 S. Lake Park",3,"5500 South Lake Park"
"182","5514 S. Blackstone ",3,"5514 South Blackstone "
"183","5514 S. University ",3,"5514 South University "
"184","5530 S. Ellis",3,"5530 South Ellis"
"185","5600 S. Cottage Grove",3,"5600 South Cottage Grove"
"186","5600 S. Ellis ",3,"5600 South Ellis "
"187","5600 S. Hyde Park",3,"5600 South Hyde Park"
"188","5631 S. Cottage Grove ",3,"5631 South Cottage Grove "
"189","5700 S. Blackstone ",3,"5700 South Blackstone "
"190","5714 S. Woodlawn",3,"5714 South Woodlawn"
"191","5721 S. Maryland",3,"5721 South Maryland"
"192","5730 S. Drexel",3,"5730 South Drivexel"
"193","5800 S. University ",3,"5800 South University "
"194","5836 S. Greenwood ",3,"5836 South Greenwood "
"195","6000 S. Cottage Grove",3,"6000 South Cottage Grove"
"196","6019 S. Ingleside ",3,"6019 South Ingleside "
"197","6227 S. Cottage Grove ",3,"6227 South Cottage Grove "
"198","6300 S. Woodlawn",3,"6300 South Woodlawn"
"199","935 E. 56th St. ",3,"935 East 56th Street "
"200","942 E. 55th St.",3,"942 East 55th Street"
"201","970 E. 58th St.",3,"970 East 58th Street"
"202","1101 E. 57th St.",2,"1101 East 57th Street"
"203","1126 E. 59th St.",2,"1126 East 59th Street"
"204","1212 E. 59th St.",2,"1212 East 59th Street"
"205","1225 E. 60th St. ",2,"1225 East 60th Street "
"206","1226 E. 53rd St. ",2,"1226 East 53rd Street "
"207","1228 E. 53rd St.",2,"1228 East 53rd Street"
"208","1321 E. 57th St. ",2,"1321 East 57th Street "
"209","1330 E. 53rd St. ",2,"1330 East 53rd Street "
"210","1350 E. Madison Park ",2,"1350 East Madison Park "
"211","1365 E. 60th St. ",2,"1365 East 60th Street "
"212","1400 E. 47th St. ",2,"1400 East 47th Street "
"213","1400 E. 53rd St. ",2,"1400 East 53rd Street "
"214","1418 E. 53rd St. ",2,"1418 East 53rd Street "
"215","1420 E. 53rd St. ",2,"1420 East 53rd Street "
"216","1427 E. Midway Pl.",2,"1427 East Midway Plaisance"
"217","1449 E. 57th St. ",2,"1449 East 57th Street "
"218","1500 E. 57th St.",2,"1500 East 57th Street"
"219","1500 E. 61st St.",2,"1500 East 61st Street"
"220","1530 E. 53rd St. ",2,"1530 East 53rd Street "
"221","1554 E. 55th St.",2,"1554 East 55th Street"
"222","1617 E. 50th Pl. ",2,"1617 East 50th Place "
"223","4800 S. Lake Park",2,"4800 South Lake Park"
"224","4900 S. Lake Park",2,"4900 South Lake Park"
"225","5000 S. Drexel ",2,"5000 South Drivexel "
"226","5100 S. Cottage Grove",2,"5100 South Cottage Grove"
"227","5100 S. Drexel",2,"5100 South Drivexel"
"228","5100 S. Ellis",2,"5100 South Ellis"
"229","5100 S. Woodlawn ",2,"5100 South Woodlawn "
"230","5118 S. Dorchester ",2,"5118 South Dorchester "
"231","5130 S. Lake Park",2,"5130 South Lake Park"
"232","5130 S. Lake Park ",2,"5130 South Lake Park "
"233","5200 S. Dorchester",2,"5200 South Dorchester"
"234","5225 S. Harper ",2,"5225 South Harper "
"235","5235 S. Harper",2,"5235 South Harper"
"236","5300 S. Cornell",2,"5300 South Cornell"
"237","5300 S. Harper ",2,"5300 South Harper "
"238","5300 S. University",2,"5300 South University"
"239","5326 S. Cornell",2,"5326 South Cornell"
"240","53rd & Harper",2,"53rd and Harper"
"241","5400 S. Dorchester",2,"5400 South Dorchester"
"242","5400 S. Drexel ",2,"5400 South Drivexel "
"243","5400 S. Greenwood",2,"5400 South Greenwood"
"244","5400 S. Harper ",2,"5400 South Harper "
"245","5400 S. Ingleside",2,"5400 South Ingleside"
"246","5400 S. University ",2,"5400 South University "
"247","5454 S. Lake Shore Dr.",2,"5454 South Lake Shore Drive"
"248","5500 S. Cornell",2,"5500 South Cornell"
"249","5500 S. Cornell ",2,"5500 South Cornell "
"250","5500 S. Cottage Grove",2,"5500 South Cottage Grove"
"251","5500 S. Ellis",2,"5500 South Ellis"
"252","5500 S. Ellis ",2,"5500 South Ellis "
"253","5501 S. Cottage Grove",2,"5501 South Cottage Grove"
"254","5521 S. University ",2,"5521 South University "
"255","5550 S. Dorchester ",2,"5550 South Dorchester "
"256","5600 S. Woodlawn",2,"5600 South Woodlawn"
"257","5615 S. University",2,"5615 South University"
"258","5615 S. University ",2,"5615 South University "
"259","5617 S. Maryland ",2,"5617 South Maryland "
"260","5643 S. Cottage Grove ",2,"5643 South Cottage Grove "
"261","5700 S. Blackstone",2,"5700 South Blackstone"
"262","5700 S. Drexel",2,"5700 South Drivexel"
"263","5700 S. Ellis",2,"5700 South Ellis"
"264","5700 S. Hyde Park",2,"5700 South Hyde Park"
"265","5700 S. Stony Island",2,"5700 South Stony Island"
"266","5700 S. Woodlawn",2,"5700 South Woodlawn"
"267","5710 S. Woodlawn ",2,"5710 South Woodlawn "
"268","5730 S. Woodlawn ",2,"5730 South Woodlawn "
"269","5734 S. Ellis ",2,"5734 South Ellis "
"270","5735 S. University ",2,"5735 South University "
"271","5739 S. Woodlawn ",2,"5739 South Woodlawn "
"272","5748 S. Blackstone ",2,"5748 South Blackstone "
"273","5750 S. Woodlawn ",2,"5750 South Woodlawn "
"274","5751 S. Woodlawn",2,"5751 South Woodlawn"
"275","5757 S. University",2,"5757 South University"
"276","5800 S. Cottage Grove",2,"5800 South Cottage Grove"
"277","5800 S. Dorchester",2,"5800 South Dorchester"
"278","5800 S. Greenwood",2,"5800 South Greenwood"
"279","5800 S. Maryland",2,"5800 South Maryland"
"280","5800 S. Woodlawn",2,"5800 South Woodlawn"
"281","5801 S. Ellis",2,"5801 South Ellis"
"282","5815 S. Kimbark ",2,"5815 South Kimbark "
"283","5827 S. University",2,"5827 South University"
"284","5835 S. Drexel ",2,"5835 South Drivexel "
"285","5835 S. Kenwood ",2,"5835 South Kenwood "
"286","5837 S. Maryland ",2,"5837 South Maryland "
"287","5900 S. Ellis",2,"5900 South Ellis"
"288","6000 S. Ellis",2,"6000 South Ellis"
"289","6000 S. Stony Island",2,"6000 South Stony Island"
"290","6000 S. Woodlawn",2,"6000 South Woodlawn"
"291","6000 S. Woodlawn ",2,"6000 South Woodlawn "
"292","6016 S. Ingleside ",2,"6016 South Ingleside "
"293","6031 S. Ellis",2,"6031 South Ellis"
"294","6100 S. Ellis ",2,"6100 South Ellis "
"295","6100 S. Ingleside",2,"6100 South Ingleside"
"296","6200 S. Ellis",2,"6200 South Ellis"
"297","6200 S. Harper",2,"6200 South Harper"
"298","6200 S. Kimbark",2,"6200 South Kimbark"
"299","6300 S. Ingleside",2,"6300 South Ingleside"
"300","6300 S. Kenwood",2,"6300 South Kenwood"
"301","6315 S. Cottage Grove ",2,"6315 South Cottage Grove "
"302","801 E. Midway Pl.",2,"801 East Midway Plaisance"
"303","820 E. 56th St.",2,"820 East 56th Street"
"304","850 E. 58th St.",2,"850 East 58th Street"
"305","850 E. 63rd St. ",2,"850 East 63rd Street "
"306","900 E. Midway Pl.",2,"900 East Midway Plaisance"
"307","910 E. 58th St. ",2,"910 East 58th Street "
"308","924-26 E. 61st St. ",2,"924-26 East 61st Street "
"309",". 5100 S. Ellis",1,". 5100 South Ellis"
"310","1000 E. 54th Pl.",1,"1000 East 54th Place"
"311","1000 E. 54th Pl. ",1,"1000 East 54th Place "
"312","1000 E. 54th St.",1,"1000 East 54th Street"
"313","1000 E. 61st St. ",1,"1000 East 61st Street "
"314","1000 E. 63rd St.",1,"1000 East 63rd Street"
"315","1000 E. Midway Pl",1,"1000 East Midway Pl"
"316","1001 E. Midway Pl.",1,"1001 East Midway Plaisance"
"317","1003 E. 62nd St. ",1,"1003 East 62nd Street "
"318","1005 E. 55th St.",1,"1005 East 55th Street"
"319","1005 E. 55th St. ",1,"1005 East 55th Street "
"320","1005 E. 60th St. Burton-Judson RH",1,"1005 East 60th Street Burton-Judson RH"
"321","1009 E. 53rd St. ",1,"1009 East 53rd Street "
"322","1009 E. 55th St. ",1,"1009 East 55th Street "
"323","1009 E. 57th St.",1,"1009 East 57th Street"
"324","1009 E. 57th St.  ",1,"1009 East 57th Street  "
"325","1010 E. 55th St.",1,"1010 East 55th Street"
"326","1020 E. 58th St.",1,"1020 East 58th Street"
"327","1020 E. 61st St. ",1,"1020 East 61st Street "
"328","1021 E 62nd St.",1,"1021 E 62nd Street"
"329","1023 E. 48th St. ",1,"1023 East 48th Street "
"330","1025 E. 54th Pl.",1,"1025 East 54th Place"
"331","1025 E. 57th St. ",1,"1025 East 57th Street "
"332","1027 E. 53rd St. ",1,"1027 East 53rd Street "
"333","1028 E. 62nd St. ",1,"1028 East 62nd Street "
"334","1029 E. 49th St. ",1,"1029 East 49th Street "
"335","1030 E. 52nd St.",1,"1030 East 52nd Street"
"336","1035 E. 60th St.",1,"1035 East 60th Street"
"337","1036 E. Hyde Park",1,"1036 East Hyde Park"
"338","1047 E. Midway Pl",1,"1047 East Midway Pl"
"339","1055 E. 55th St. ",1,"1055 East 55th Street "
"340","1056 E. 55th St.",1,"1056 East 55th Street"
"341","1070 E. 57th St.",1,"1070 East 57th Street"
"342","1100 E. 48th St. ",1,"1100 East 48th Street "
"343","1100 E. 58th St ",1,"1100 East 58th St "
"344","1100 E. 58th St.",1,"1100 East 58th Street"
"345","1100 E. 59th St. ",1,"1100 East 59th Street "
"346","1100 E. 61st St.",1,"1100 East 61st Street"
"347","1100 E. 61st St. ",1,"1100 East 61st Street "
"348","1100 E. Midway Pl.",1,"1100 East Midway Plaisance"
"349","1100 E.60th St.",1,"1100 East60th Street"
"350","1101 E, 56th St. ",1,"1101 East 56th Street "
"351","1101 E. 53rd St.",1,"1101 East 53rd Street"
"352","1101 E. 58th ",1,"1101 East 58th "
"353","1101 E. 58th St.  ",1,"1101 East 58th Street  "
"354","1103 E. 57th St. ",1,"1103 East 57th Street "
"355","1105 E. 55th St. ",1,"1105 East 55th Street "
"356","1108 E. 53rd St. ",1,"1108 East 53rd Street "
"357","1108 E. 58th St.",1,"1108 East 58th Street"
"358","1108 E. 58th St. ",1,"1108 East 58th Street "
"359","1110 E. 53rd St. ",1,"1110 East 53rd Street "
"360","1111 E, 60th St. ",1,"1111 East 60th Street "
"361","1117 E. 53rd St. ",1,"1117 East 53rd Street "
"362","1118 E. 57th St. ",1,"1118 East 57th Street "
"363","1118 E. 58th St ",1,"1118 East 58th St "
"364","1118 E. 58th St. Eckhart Hall ",1,"1118 East 58th Street Eckhart Hall "
"365","1119 E. 58th St. ",1,"1119 East 58th Street "
"366","1120 E. 59th St.",1,"1120 East 59th Street"
"367","1120 E. Midway Pl.",1,"1120 East Midway Plaisance"
"368","1121 E. 57th St.",1,"1121 East 57th Street"
"369","1122 E. 46th St. ",1,"1122 East 46th Street "
"370","1128 E. 46th St.",1,"1128 East 46th Street"
"371","1130 E. 46th St.",1,"1130 East 46th Street"
"372","1130 E. 57th St.",1,"1130 East 57th Street"
"373","1132 E. 56th St.",1,"1132 East 56th Street"
"374","1144 E. 52nd St.",1,"1144 East 52nd Street"
"375","1144 E. 59th St.",1,"1144 East 59th Street"
"376","1144 E. 61st St.",1,"1144 East 61st Street"
"377","1145 E. 55th St.",1,"1145 East 55th Street"
"378","1145 E. 56th St. ",1,"1145 East 56th Street "
"379","1147 E. 56th St.",1,"1147 East 56th Street"
"380","1148 E. 48th St. ",1,"1148 East 48th Street "
"381","1149 E. 46th St.",1,"1149 East 46th Street"
"382","1153 E. 56th St.",1,"1153 East 56th Street"
"383","1154 E. 55th St.",1,"1154 East 55th Street"
"384","1154 E. 56th St. ",1,"1154 East 56th Street "
"385","1154 E. 57th St. ",1,"1154 East 57th Street "
"386","1155 E. 55th St. ",1,"1155 East 55th Street "
"387","1155 E. 56th St.",1,"1155 East 56th Street"
"388","1155 E. 56th St. ",1,"1155 East 56th Street "
"389","1155 E. 65th St.",1,"1155 East 65th Street"
"390","1156 E. 57th St.",1,"1156 East 57th Street"
"391","1156 E. Hyde Park ",1,"1156 East Hyde Park "
"392","1157 E. 59th St.",1,"1157 East 59th Street"
"393","1158 E. 58th St. ",1,"1158 East 58th Street "
"394","1158 E. 59th St.",1,"1158 East 59th Street"
"395","1160 E. 54th St.",1,"1160 East 54th Street"
"396","1160 E. 56th St.",1,"1160 East 56th Street"
"397","1160 E. 58th St. ",1,"1160 East 58th Street "
"398","1162 E. 52nd St. ",1,"1162 East 52nd Street "
"399","1165 E. 53rd St.",1,"1165 East 53rd Street"
"400","1165 E. 61st St.",1,"1165 East 61st Street"
"401","1167 E. 63rd St. ",1,"1167 East 63rd Street "
"402","1174 E. 55th St.",1,"1174 East 55th Street"
"403","1200 E. 61st St. ",1,"1200 East 61st Street "
"404","1200 E. Hyde Park",1,"1200 East Hyde Park"
"405","1200 E. Hyde Park ",1,"1200 East Hyde Park "
"406","1201 E. 54th St.",1,"1201 East 54th Street"
"407","1201 E. 59th St.",1,"1201 East 59th Street"
"408","1204 E. 53rd St. ",1,"1204 East 53rd Street "
"409","1205 E. 54th St.",1,"1205 East 54th Street"
"410","1210 E. 54th St. ",1,"1210 East 54th Street "
"411","1212 E. 54th St. ",1,"1212 East 54th Street "
"412","1214 E. 53rd St.",1,"1214 East 53rd Street"
"413","1214 E. 53rd St. ",1,"1214 East 53rd Street "
"414","1215 E. Hyde Park",1,"1215 East Hyde Park"
"415","1215 E. Hyde Park ",1,"1215 East Hyde Park "
"416","1219 E. 50th St. ",1,"1219 East 50th Street "
"417","1219 E. 53rd St.",1,"1219 East 53rd Street"
"418","1219 E. Midway Pl.",1,"1219 East Midway Plaisance"
"419","1220 E. 54th St.",1,"1220 East 54th Street"
"420","1220 E. 61st St.",1,"1220 East 61st Street"
"421","1221 E. 52nd St.",1,"1221 East 52nd Street"
"422","1221 E. 54th St. ",1,"1221 East 54th Street "
"423","1224 E. Midway Pl.",1,"1224 East Midway Plaisance"
"424","1225 E. 52nd St.",1,"1225 East 52nd Street"
"425","1232 E. 63rd St.",1,"1232 East 63rd Street"
"426","1250 E. Midway Pl.",1,"1250 East Midway Plaisance"
"427","1300 E. 47th St. ",1,"1300 East 47th Street "
"428","1300 E. 53rd St. ",1,"1300 East 53rd Street "
"429","1300 E. Midway Pl.",1,"1300 East Midway Plaisance"
"430","1307 E. 55th St. ",1,"1307 East 55th Street "
"431","1313 E. 60th St. ",1,"1313 East 60th Street "
"432","1314 E. Hyde Park ",1,"1314 East Hyde Park "
"433","1315 E. 52nd St. ",1,"1315 East 52nd Street "
"434","1317 E. Madison Park",1,"1317 East Madison Park"
"435","1319 E. Madison Park ",1,"1319 East Madison Park "
"436","1320 E. 55th St. ",1,"1320 East 55th Street "
"437","1320 E. 58th St. ",1,"1320 East 58th Street "
"438","1320 E. 62nd St.",1,"1320 East 62nd Street"
"439","1321 E. 56th St.  ",1,"1321 East 56th Street  "
"440","1321 E.56th St. ",1,"1321 East56th Street "
"441","1327 E. 57th St. ",1,"1327 East 57th Street "
"442","1327 E. 62nd St.",1,"1327 East 62nd Street"
"443","1328 E. 61st St.",1,"1328 East 61st Street"
"444","1329 E. 53rd St.",1,"1329 East 53rd Street"
"445","1330 E. 53rd St.",1,"1330 East 53rd Street"
"446","1330 W. 127th St.",1,"1330 West 127th Street"
"447","1332 E, 56th St.",1,"1332 East 56th Street"
"448","1333 E. 57th St. ",1,"1333 East 57th Street "
"449","1335 E. 51st St. ",1,"1335 East 51st Street "
"450","1337 E. Madison Park ",1,"1337 East Madison Park "
"451","1342 E. 55th St. ",1,"1342 East 55th Street "
"452","1350 E. 49th St.",1,"1350 East 49th Street"
"453","1351 E. 56th St.",1,"1351 East 56th Street"
"454","1352 E 47th Pl.",1,"1352 E 47th Place"
"455","1353 E. 54th St.",1,"1353 East 54th Street"
"456","1354 E. 50th St. ",1,"1354 East 50th Street "
"457","1355 E. 53rd St.",1,"1355 East 53rd Street"
"458","1355 E. 55th St.",1,"1355 East 55th Street"
"459","1355 E. 63rd St. ",1,"1355 East 63rd Street "
"460","1362 E. 59th St.",1,"1362 East 59th Street"
"461","1363 E. 56th St. ",1,"1363 East 56th Street "
"462","1364 E. 58th St.",1,"1364 East 58th Street"
"463","1365 E. Midway Pl.",1,"1365 East Midway Plaisance"
"464","1369 E. 53rd St. ",1,"1369 East 53rd Street "
"465","1370 E. 53rd St.",1,"1370 East 53rd Street"
"466","1370 E. 57th St. ",1,"1370 East 57th Street "
"467","1370 E. 59th St. ",1,"1370 East 59th Street "
"468","1375 E. 57th St.",1,"1375 East 57th Street"
"469","1379 E. 53rd St. ",1,"1379 East 53rd Street "
"470","1380 E. 53rd St. ",1,"1380 East 53rd Street "
"471","1400 E. 47th St.",1,"1400 East 47th Street"
"472","1400 E. 52nd St. ",1,"1400 East 52nd Street "
"473","1401 E. Hyde Park",1,"1401 East Hyde Park"
"474","1401 E. Hyde Park ",1,"1401 East Hyde Park "
"475","1402 E. 55th St.",1,"1402 East 55th Street"
"476","1405 E. 53rd St.",1,"1405 East 53rd Street"
"477","1407 E. 53rd St.",1,"1407 East 53rd Street"
"478","1407 E. 62nd Pl.",1,"1407 East 62nd Place"
"479","1408 E. 60th St. ",1,"1408 East 60th Street "
"480","1411 E. 53rd St.",1,"1411 East 53rd Street"
"481","1413 E. 57th St. ",1,"1413 East 57th Street "
"482","1414 E.59th St. ",1,"1414 East59th Street "
"483","1415 E. 57th St. ",1,"1415 East 57th Street "
"484","1418 E. 53rd St.",1,"1418 East 53rd Street"
"485","1420 E. Midway Plaisance",1,"1420 East Midway Plaisance"
"486","1421 E. 48th St.",1,"1421 East 48th Street"
"487","1427 E. 60th Street ",1,"1427 East 60th Street "
"488","1429 E. 60th St.",1,"1429 East 60th Street"
"489","1438 E. 53rd St. ",1,"1438 East 53rd Street "
"490","1438 E. 57th St. ",1,"1438 East 57th Street "
"491","1442 E. 59th St.",1,"1442 East 59th Street"
"492","1444 E. 57th St.",1,"1444 East 57th Street"
"493","1447 E. 53rd St.",1,"1447 East 53rd Street"
"494","1449 E. 53rd St.",1,"1449 East 53rd Street"
"495","1449 E. 57th St.",1,"1449 East 57th Street"
"496","1450 E. 59th St.",1,"1450 East 59th Street"
"497","1450 E. 59th St. ",1,"1450 East 59th Street "
"498","1452 E. 53rd St.",1,"1452 East 53rd Street"
"499","1453 E. 53rd St. ",1,"1453 East 53rd Street "
"500","1453 E. 55th St.",1,"1453 East 55th Street"
"501","1462 E. 53rd St.",1,"1462 East 53rd Street"
"502","1463 E. 53rd St. ",1,"1463 East 53rd Street "
"503","1466 E. 56th St. ",1,"1466 East 56th Street "
"504","1500 E. 53rd St.",1,"1500 East 53rd Street"
"505","1500 E. 53rd St. ",1,"1500 East 53rd Street "
"506","1500 E. 55th St. ",1,"1500 East 55th Street "
"507","1500 E. 59th St. ",1,"1500 East 59th Street "
"508","1501 E. 55th St.",1,"1501 East 55th Street"
"509","1501 E. 57th St. ",1,"1501 East 57th Street "
"510","1502 E. 55th St.",1,"1502 East 55th Street"
"511","1502 E. 55th St. ",1,"1502 East 55th Street "
"512","1508 E. 52nd St.",1,"1508 East 52nd Street"
"513","1515 E. 57th St.",1,"1515 East 57th Street"
"514","1518 E. Harper Court",1,"1518 East Harper Court"
"515","1519 E. 54th St.",1,"1519 East 54th Street"
"516","1520 E. 57th St.",1,"1520 East 57th Street"
"517","1520 E. 57th St. ",1,"1520 East 57th Street "
"518","1520 E. Midway Pl.",1,"1520 East Midway Plaisance"
"519","1525 E. 53rd St.",1,"1525 East 53rd Street"
"520","1525 E. 55th St. ",1,"1525 East 55th Street "
"521","1525 E. 60th St.",1,"1525 East 60th Street"
"522","1526 E. 55th St.",1,"1526 East 55th Street"
"523","1530 E. 53rd St.",1,"1530 East 53rd Street"
"524","1531 E. 53rd St.",1,"1531 East 53rd Street"
"525","1531 E. 53rd St. ",1,"1531 East 53rd Street "
"526","1534 E. Midway Pl.",1,"1534 East Midway Plaisance"
"527","1539 E. 53rd St. ",1,"1539 East 53rd Street "
"528","1540 E. Hyde Park",1,"1540 East Hyde Park"
"529","1548 E. 53rd St. ",1,"1548 East 53rd Street "
"530","1550 E. 53rd St.",1,"1550 East 53rd Street"
"531","1551 E. 60th St. ",1,"1551 East 60th Street "
"532","1555 E. 55th St. ",1,"1555 East 55th Street "
"533","1555 E. 60th St.",1,"1555 East 60th Street"
"534","1558 E. Hyde Park",1,"1558 East Hyde Park"
"535","1601 E. 55th St. ",1,"1601 East 55th Street "
"536","1602 E. 55th St. ",1,"1602 East 55th Street "
"537","1606 E. 55th St.",1,"1606 East 55th Street"
"538","1610 E. 55th St. ",1,"1610 East 55th Street "
"539","1616 E. 50th Pl.",1,"1616 East 50th Place"
"540","1635 E. 55th St. ",1,"1635 East 55th Street "
"541","1636 E. 55th St. ",1,"1636 East 55th Street "
"542","1642 E. 56th St.",1,"1642 East 56th Street"
"543","1642 E. 56th St. ",1,"1642 East 56th Street "
"544","1649 E. 56th St.",1,"1649 East 56th Street"
"545","1729 E. 55th St. ",1,"1729 East 55th Street "
"546","1749 E. 55th St.",1,"1749 East 55th Street"
"547","301 E. Garfield Blvd. ",1,"301 East Garfield Blvd. "
"548","322. E. Illinois ",1,"322. East Illinois "
"549","3722 S. Lake Park ",1,"3722 South Lake Park "
"550","3900 S. Lake Park",1,"3900 South Lake Park"
"551","4200 S. Ellis",1,"4200 South Ellis"
"552","4200 S. Ellis ",1,"4200 South Ellis "
"553","4200 S. Lake Park ",1,"4200 South Lake Park "
"554","4300 S. Cottage Grove",1,"4300 South Cottage Grove"
"555","4300 S. Drexel ",1,"4300 South Drivexel "
"556","4337 S. Berkeley ",1,"4337 South Berkeley "
"557","4353 S. Cottage Grove",1,"4353 South Cottage Grove"
"558","4410 S. Drexel ",1,"4410 South Drivexel "
"559","4424 S. Drexel ",1,"4424 South Drivexel "
"560","4444 S. Evans ",1,"4444 South Evans "
"561","44th & Cottage Grove",1,"44th and Cottage Grove"
"562","4500 S. Drexel",1,"4500 South Drivexel"
"563","4500 S. Ellis",1,"4500 South Ellis"
"564","4505 S. Drexel ",1,"4505 South Drivexel "
"565","4559 S. Oakenwald",1,"4559 South Oakenwald"
"566","4600 S. Ellis ",1,"4600 South Ellis "
"567","4600 S. Greenwood",1,"4600 South Greenwood"
"568","4602 S. Woodlawn",1,"4602 South Woodlawn"
"569","4612 S. Drexel",1,"4612 South Drivexel"
"570","4612 S. Woodlawn ",1,"4612 South Woodlawn "
"571","4623 S. Woodlawn",1,"4623 South Woodlawn"
"572","4625 S. Drexel",1,"4625 South Drivexel"
"573","4700 S. Greenwood ",1,"4700 South Greenwood "
"574","4700 S. Ingleside",1,"4700 South Ingleside"
"575","4701 S. Ellis ",1,"4701 South Ellis "
"576","4721 S. Ellis ",1,"4721 South Ellis "
"577","4726 S. Woodlawn",1,"4726 South Woodlawn"
"578","4750 S. Cornell ",1,"4750 South Cornell "
"579","4759 S. Woodlawn ",1,"4759 South Woodlawn "
"580","47th & Evans",1,"47th and Evans"
"581","47th & Woodlawn",1,"47th and Woodlawn"
"582","4800 S. Cottage Grove",1,"4800 South Cottage Grove"
"583","4800 S. Dorchester",1,"4800 South Dorchester"
"584","4825 S. Drexel",1,"4825 South Drivexel"
"585","4832 S. Drexel ",1,"4832 South Drivexel "
"586","4835 S. Kimbark",1,"4835 South Kimbark"
"587","4837 S. Kenwood",1,"4837 South Kenwood"
"588","4844 S. Cornell  ",1,"4844 South Cornell  "
"589","4859 S. Cottage Grove",1,"4859 South Cottage Grove"
"590","48th & Woodlawn or 48th & Ellis",1,"48th and Woodlawn,48th and Ellis"
"591","4900 S. Blackstone",1,"4900 South Blackstone"
"592","4900 S. Drexel",1,"4900 South Drivexel"
"593","4900 S. Drexel ",1,"4900 South Drivexel "
"594","4900 S. Ellis",1,"4900 South Ellis"
"595","4900 S. Kenwood",1,"4900 South Kenwood"
"596","4900 S. Kimbark",1,"4900 South Kimbark"
"597","4900 S. Lake Shore Dr.",1,"4900 South Lake Shore Drive"
"598","4901 S. Blackstone",1,"4901 South Blackstone"
"599","4901 S. Cottage Grove",1,"4901 South Cottage Grove"
"600","4901 S. Greenwood ",1,"4901 South Greenwood "
"601","4906 S. Dorchester ",1,"4906 South Dorchester "
"602","4915 S. Woodlawn ",1,"4915 South Woodlawn "
"603","4921 S. Ellis ",1,"4921 South Ellis "
"604","4922 S. Cornell ",1,"4922 South Cornell "
"605","4937 S. East End",1,"4937 South East End"
"606","49th & Blackstone",1,"49th and Blackstone"
"607","5000 S. Cornell",1,"5000 South Cornell"
"608","5000 S. Cornell ",1,"5000 South Cornell "
"609","5000 S. Dorchester",1,"5000 South Dorchester"
"610","5000 S. Dorchester ",1,"5000 South Dorchester "
"611","5000 S. Drexel",1,"5000 South Drivexel"
"612","5030 S. Cornell ",1,"5030 South Cornell "
"613","5030 S. Drexel ",1,"5030 South Drivexel "
"614","5036 S. Drexel",1,"5036 South Drivexel"
"615","5036 S. Ellis ",1,"5036 South Ellis "
"616","5037 S. Drexel",1,"5037 South Drivexel"
"617","5037 S. Drexel ",1,"5037 South Drivexel "
"618","5041 S. Blackstone ",1,"5041 South Blackstone "
"619","5043 S. Drexel ",1,"5043 South Drivexel "
"620","5048 S. Blackstone ",1,"5048 South Blackstone "
"621","5048 S. Cornell",1,"5048 South Cornell"
"622","5050 S. Lake Shore Dr. ",1,"5050 South Lake Shore Drive "
"623","5051 S. East End",1,"5051 South East End"
"624","5052 S. Blackstone",1,"5052 South Blackstone"
"625","5055 S. Lake Shore Dr.",1,"5055 South Lake Shore Drive"
"626","50th & Drexel",1,"50th and Drivexel"
"627","50th & Lake Shore Dr.",1,"50th and Lake Shore Drive"
"628","5100 S. Blackstone",1,"5100 South Blackstone"
"629","5100 S. Cornell",1,"5100 South Cornell"
"630","5100 S. Dorchester",1,"5100 South Dorchester"
"631","5100 S. Dorchester ",1,"5100 South Dorchester "
"632","5100 S. Hyde Park",1,"5100 South Hyde Park"
"633","5100 S. Lake Park",1,"5100 South Lake Park"
"634","5100 S. Lake Park ",1,"5100 South Lake Park "
"635","5100 S. Lake Shore Dr.",1,"5100 South Lake Shore Drive"
"636","5100 S. Shore Dr. ",1,"5100 South Shore Drive "
"637","5100 S. University",1,"5100 South University"
"638","5100 S. Woodlawn",1,"5100 South Woodlawn"
"639","5101 S. Greenwood",1,"5101 South Greenwood"
"640","5103 S. Woodlawn",1,"5103 South Woodlawn"
"641","5111 S. University ",1,"5111 South University "
"642","5112 S. Woodlawn",1,"5112 South Woodlawn"
"643","5115 S. Ellis",1,"5115 South Ellis"
"644","5116 S. Blackstone ",1,"5116 South Blackstone "
"645","5118 S. Blackstone",1,"5118 South Blackstone"
"646","5118 S. Lake Park ",1,"5118 South Lake Park "
"647","5120 S. Cornell ",1,"5120 South Cornell "
"648","5121 S. Ingleside ",1,"5121 South Ingleside "
"649","5125 S. Kenwood ",1,"5125 South Kenwood "
"650","5128 S. Blackstone ",1,"5128 South Blackstone "
"651","5130 S. Hyde Park",1,"5130 South Hyde Park"
"652","5135 S. Blackstone ",1,"5135 South Blackstone "
"653","5135 S. Woodlawn",1,"5135 South Woodlawn"
"654","5140 S. Hyde Park",1,"5140 South Hyde Park"
"655","5141 S. Ellis ",1,"5141 South Ellis "
"656","5152 S. Drexel ",1,"5152 South Drivexel "
"657","5155 S. Cottage Grove",1,"5155 South Cottage Grove"
"658","51st & Cornell",1,"51st and Cornell"
"659","51st & University",1,"51st and University"
"660","51st. & Blackstone",1,"51st. and Blackstone"
"661","5200 S Cornell",1,"5200 S Cornell"
"662","5200 S. Blackstone",1,"5200 South Blackstone"
"663","5200 S. Cottage Grove",1,"5200 South Cottage Grove"
"664","5200 S. Cottage Grove ",1,"5200 South Cottage Grove "
"665","5200 S. Drexel",1,"5200 South Drivexel"
"666","5200 S. Greenwood",1,"5200 South Greenwood"
"667","5200 S. Harper ",1,"5200 South Harper "
"668","5200 S. Hyde Park ",1,"5200 South Hyde Park "
"669","5200 S. Ingleside",1,"5200 South Ingleside"
"670","5200 S. Kenwood",1,"5200 South Kenwood"
"671","5200 S. Kenwood ",1,"5200 South Kenwood "
"672","5200 S. Lake Park ",1,"5200 South Lake Park "
"673","5200 S. Woodlawn",1,"5200 South Woodlawn"
"674","5200 S. Woodlawn ",1,"5200 South Woodlawn "
"675","5201 S. Hyde Park",1,"5201 South Hyde Park"
"676","5201 S. Ingleside",1,"5201 South Ingleside"
"677","5201 S. Ingleside ",1,"5201 South Ingleside "
"678","5201 S. University ",1,"5201 South University "
"679","5208 S. Ingleside ",1,"5208 South Ingleside "
"680","5211 S. Blackstone ",1,"5211 South Blackstone "
"681","5211 S. Woodlawn",1,"5211 South Woodlawn"
"682","5213 S. Woodlawn ",1,"5213 South Woodlawn "
"683","5215 S. Woodlawn ",1,"5215 South Woodlawn "
"684","5218 S. Harper ",1,"5218 South Harper "
"685","5219 S. Harper ",1,"5219 South Harper "
"686","5220 S. Drexel ",1,"5220 South Drivexel "
"687","5221 S. Harper ",1,"5221 South Harper "
"688","5222 S. Harper ",1,"5222 South Harper "
"689","5223 S. Lake Park",1,"5223 South Lake Park"
"690","5225 S. Harper",1,"5225 South Harper"
"691","5226 S. Harper",1,"5226 South Harper"
"692","5226 S. Ingleside ",1,"5226 South Ingleside "
"693","5228 S. Lake Park",1,"5228 South Lake Park"
"694","5230 S. Harper ",1,"5230 South Harper "
"695","5230 S. Lake Park",1,"5230 South Lake Park"
"696","5235 S. Harper Court ",1,"5235 South Harper Court "
"697","5235 S. Lake Park ",1,"5235 South Lake Park "
"698","5239 S. Hyde Park",1,"5239 South Hyde Park"
"699","5241 S. Harper",1,"5241 South Harper"
"700","5245 S. Drexel",1,"5245 South Drivexel"
"701","5250 S. Harper Ct.",1,"5250 South Harper Ct."
"702","5250 S. Lake Park",1,"5250 South Lake Park"
"703","5254 S. Dorchester ",1,"5254 South Dorchester "
"704","52nd & Lake Park",1,"52nd and Lake Park"
"705","52nd at Lake Park",1,"52nd at Lake Park"
"706","5300 S. Blackstone ",1,"5300 South Blackstone "
"707","5300 S. Dorchester",1,"5300 South Dorchester"
"708","5300 S. Drexel ",1,"5300 South Drivexel "
"709","5300 S. Ellis",1,"5300 South Ellis"
"710","5300 S. Greenwood",1,"5300 South Greenwood"
"711","5300 S. Hyde Park",1,"5300 South Hyde Park"
"712","5300 S. Kenwood ",1,"5300 South Kenwood "
"713","5300 S. Kimbark",1,"5300 South Kimbark"
"714","5300 S. Woodlawn ",1,"5300 South Woodlawn "
"715","5301 S. Cottage Grove",1,"5301 South Cottage Grove"
"716","5301 S. Dorchester",1,"5301 South Dorchester"
"717","5301 S. University ",1,"5301 South University "
"718","5302 S. Lake Park",1,"5302 South Lake Park"
"719","5303 S. Kimbark ",1,"5303 South Kimbark "
"720","5305 S. Drexel ",1,"5305 South Drivexel "
"721","5306 S. Ingleside ",1,"5306 South Ingleside "
"722","5307 S. Kimbark ",1,"5307 South Kimbark "
"723","5307 S. University ",1,"5307 South University "
"724","5308 S. Hyde Park",1,"5308 South Hyde Park"
"725","5308 S. Maryland ",1,"5308 South Maryland "
"726","5310 S. Harper ",1,"5310 South Harper "
"727","5311 S. Blackstone",1,"5311 South Blackstone"
"728","5311 S. Lake Park",1,"5311 South Lake Park"
"729","5317 S. Maryland",1,"5317 South Maryland"
"730","5327 S. Cornell",1,"5327 South Cornell"
"731","5327 S. Dorchester ",1,"5327 South Dorchester "
"732","5330 S. Harper",1,"5330 South Harper"
"733","5334 S. Woodlawn",1,"5334 South Woodlawn"
"734","5340 S. Cornell",1,"5340 South Cornell"
"735","5343 S. Ellis",1,"5343 South Ellis"
"736","5343 S. Greenwood",1,"5343 South Greenwood"
"737","5345 S. Harper",1,"5345 South Harper"
"738","5345 S. Kimbark",1,"5345 South Kimbark"
"739","5346 S. Cornell ",1,"5346 South Cornell "
"740","5348 S. Maryland ",1,"5348 South Maryland "
"741","53rd & Ingleside",1,"53rd and Ingleside"
"742","53rd & Kenwood",1,"53rd and Kenwood"
"743","53rd at Lake Park",1,"53rd at Lake Park"
"744","53rd near Dorchester",1,"53rd and Dorchester"
"745","53rd St.",1,"53rd Street"
"746","5400 S. Blackstone ",1,"5400 South Blackstone "
"747","5400 S. Drexel",1,"5400 South Drivexel"
"748","5400 S. Ellis ",1,"5400 South Ellis "
"749","5400 S. Greenwood ",1,"5400 South Greenwood "
"750","5400 S. Harper",1,"5400 South Harper"
"751","5400 S. Hyde Park",1,"5400 South Hyde Park"
"752","5400 S. Hyde Park ",1,"5400 South Hyde Park "
"753","5400 S. Kenwood ",1,"5400 South Kenwood "
"754","5400 S. Kimbark ",1,"5400 South Kimbark "
"755","5400 S. Maryland",1,"5400 South Maryland"
"756","5400 S. Maryland ",1,"5400 South Maryland "
"757","5400 S. Ridgewood Ct. ",1,"5400 South Ridgewood Ct. "
"758","5401 S. Cornell",1,"5401 South Cornell"
"759","5401 S. Cottage Grove",1,"5401 South Cottage Grove"
"760","5401 S. Shore Dr. ",1,"5401 South Shore Drive "
"761","5402 S. Drexel ",1,"5402 South Drivexel "
"762","5402 S. Ellis ",1,"5402 South Ellis "
"763","5405 S. Drexel",1,"5405 South Drivexel"
"764","5405 S. Kimbark ",1,"5405 South Kimbark "
"765","5405 S. Woodlawn ",1,"5405 South Woodlawn "
"766","5410 S. University ",1,"5410 South University "
"767","5411 S. Woodlawn",1,"5411 South Woodlawn"
"768","5413 S. Kimbark ",1,"5413 South Kimbark "
"769","5414 S. Greenwood ",1,"5414 South Greenwood "
"770","5414 S. Ridgewood ",1,"5414 South Ridgewood "
"771","5414 S. Ridgewood Ct. ",1,"5414 South Ridgewood Ct. "
"772","5415 S. Harper ",1,"5415 South Harper "
"773","5415 S. University ",1,"5415 South University "
"774","5416 S. Cornell",1,"5416 South Cornell"
"775","5416 S. Cornell ",1,"5416 South Cornell "
"776","5416 S. Ellis",1,"5416 South Ellis"
"777","5417 S. Blackstone",1,"5417 South Blackstone"
"778","5417 S. University ",1,"5417 South University "
"779","5418 S. Cornell",1,"5418 South Cornell"
"780","5418 S. Ridgewood Court ",1,"5418 South Ridgewood Court "
"781","5422 S. Ellis",1,"5422 South Ellis"
"782","5422 S. Ingleside",1,"5422 South Ingleside"
"783","5422 S. Lake Park ",1,"5422 South Lake Park "
"784","5423 S. Kenwood ",1,"5423 South Kenwood "
"785","5424 S. Kimbark ",1,"5424 South Kimbark "
"786","5425 S. Harper",1,"5425 South Harper"
"787","5427 S. Greenwood ",1,"5427 South Greenwood "
"788","5428 S. Kimbark ",1,"5428 South Kimbark "
"789","5428 S. Woodlawn ",1,"5428 South Woodlawn "
"790","5430 S. Lake Shore Dr.",1,"5430 South Lake Shore Drive"
"791","5432 S. Ellis",1,"5432 South Ellis"
"792","5433 S. University",1,"5433 South University"
"793","5433 S. University ",1,"5433 South University "
"794","5435 S. Shore Dr. ",1,"5435 South Shore Drive "
"795","5435 S. Woodlawn ",1,"5435 South Woodlawn "
"796","5442 S. Harper",1,"5442 South Harper"
"797","5444 S. Ellis",1,"5444 South Ellis"
"798","5445 S. Dorchester",1,"5445 South Dorchester"
"799","5445 S. Drexel ",1,"5445 South Drivexel "
"800","5445 S. Harper ",1,"5445 South Harper "
"801","5446 S. Greenwood ",1,"5446 South Greenwood "
"802","5447 S. Ellis ",1,"5447 South Ellis "
"803","5452 S. Ellis ",1,"5452 South Ellis "
"804","5457 S. Ingleside ",1,"5457 South Ingleside "
"805","5457 S. Kenwood ",1,"5457 South Kenwood "
"806","5459 S. Ingleside ",1,"5459 South Ingleside "
"807","5460 S. Ellis ",1,"5460 South Ellis "
"808","5461 S. Cornell ",1,"5461 South Cornell "
"809","5471 S. Dorchester",1,"5471 South Dorchester"
"810","5473 S. Dorchester",1,"5473 South Dorchester"
"811","5473 S. Kimbark ",1,"5473 South Kimbark "
"812","5474 S. Hyde Park",1,"5474 South Hyde Park"
"813","5480 S. Cornell",1,"5480 South Cornell"
"814","5480 S. Cornell ",1,"5480 South Cornell "
"815","5480 S. Kenwood ",1,"5480 South Kenwood "
"816","5481 S. Cornell ",1,"5481 South Cornell "
"817","5482 S. Greenwood",1,"5482 South Greenwood"
"818","5485 S. Cornell",1,"5485 South Cornell"
"819","5487 S. Ellis ",1,"5487 South Ellis "
"820","5487 S. Hyde Park",1,"5487 South Hyde Park"
"821","5487 S. Hyde Park ",1,"5487 South Hyde Park "
"822","5493 S. Cornell",1,"5493 South Cornell"
"823","54th & Hyde Park ",1,"54th and Hyde Park "
"824","54th & Kenwood ",1,"54th and Kenwood "
"825","54th & Ridgewood",1,"54th and Ridgewood"
"826","54th & Woodlawn",1,"54th and Woodlawn"
"827","54th & Woodlawn and 5530 S. Ellis",1,"54th and Woodlawn and 5530 South Ellis"
"828","54th at Woodlawn",1,"54th at Woodlawn"
"829","54th near Woodlawn",1,"54th and Woodlawn"
"830","54th Pl. and S. Harper",1,"54th Place and South Harper"
"831","54th Pl. at Harper",1,"54th Place at Harper"
"832","54th Pl. near Woodlawn",1,"54th Place and Woodlawn"
"833","54th St. at East View Park",1,"54th Street at East View Park"
"834","5500 S. Dorchester",1,"5500 South Dorchester"
"835","5500 S. Drexel",1,"5500 South Drivexel"
"836","5500 S. Drexel ",1,"5500 South Drivexel "
"837","5500 S. Everett",1,"5500 South Everett"
"838","5500 S. Greenwood",1,"5500 South Greenwood"
"839","5500 S. Harper",1,"5500 South Harper"
"840","5500 S. Hyde Park",1,"5500 South Hyde Park"
"841","5500 S. Hyde Park ",1,"5500 South Hyde Park "
"842","5500 S. Kenwood",1,"5500 South Kenwood"
"843","5500 S. Kimbark",1,"5500 South Kimbark"
"844","5500 S. Kimbark ",1,"5500 South Kimbark "
"845","5500 S. Lake Park ",1,"5500 South Lake Park "
"846","5500 S. Payne Dr.",1,"5500 South Payne Drive"
"847","5500 S. Shore Dr.",1,"5500 South Shore Drive"
"848","5500 S. South Shore Dr.",1,"5500 South South Shore Drive"
"849","5500 S. University",1,"5500 South University"
"850","5500 S. Woodlawn ",1,"5500 South Woodlawn "
"851","5501 S. Ellis ",1,"5501 South Ellis "
"852","5501 S. University ",1,"5501 South University "
"853","5503 S. Everett ",1,"5503 South Everett "
"854","5503 S. Woodlawn ",1,"5503 South Woodlawn "
"855","5509 S. Hyde Park",1,"5509 South Hyde Park"
"856","5510 S. Hyde Park ",1,"5510 South Hyde Park "
"857","5512-14 S. Hyde Park ",1,"5512-14 South Hyde Park "
"858","5514 S. Blackstone",1,"5514 South Blackstone"
"859","5519 S. Everett ",1,"5519 South Everett "
"860","5521 S. Cornell ",1,"5521 South Cornell "
"861","5528 S. Ellis",1,"5528 South Ellis"
"862","5530 S. Cornell ",1,"5530 South Cornell "
"863","5530 S. Cottage Grove",1,"5530 South Cottage Grove"
"864","5531 S. Everett",1,"5531 South Everett"
"865","5533 S. Ellis",1,"5533 South Ellis"
"866","5535 S. Ellis",1,"5535 South Ellis"
"867","5537 S. Lake Park",1,"5537 South Lake Park"
"868","5540 S. Greenwood ",1,"5540 South Greenwood "
"869","5545 S. Greenwood ",1,"5545 South Greenwood "
"870","5545 S. Woodlawn",1,"5545 South Woodlawn"
"871","5548 S. Hyde Park ",1,"5548 South Hyde Park "
"872","5550 S. Dorchester",1,"5550 South Dorchester"
"873","5550 S. Shore Dr.",1,"5550 South Shore Drive"
"874","5551 S. Woodlawn ",1,"5551 South Woodlawn "
"875","5553 S. Blackstone ",1,"5553 South Blackstone "
"876","5553 S. Kenwood",1,"5553 South Kenwood"
"877","5554 S. Ellis ",1,"5554 South Ellis "
"878","5555 S.. Woodlawn",1,"5555 South. Woodlawn"
"879","5558 S. Kimbark",1,"5558 South Kimbark"
"880","55th & Cottage Grove",1,"55th and Cottage Grove"
"881","55th & Dorchester",1,"55th and Dorchester"
"882","55th & Kimbark",1,"55th and Kimbark"
"883","55th & Lake Shore Dr.",1,"55th and Lake Shore Drive"
"884","55th & South Shore",1,"55th and South Shore"
"885","55th at Cornell",1,"55th at Cornell"
"886","55th at Everett",1,"55th at Everett"
"887","55th near Woodlawn ",1,"55th and Woodlawn "
"888","55th St. at Woodlawn ",1,"55th Street at Woodlawn "
"889","5600 S, Blackstone",1,"5600 South Blackstone"
"890","5600 S. Dorchester",1,"5600 South Dorchester"
"891","5600 S. Drexel ",1,"5600 South Drivexel "
"892","5600 S. Greenwood ",1,"5600 South Greenwood "
"893","5600 S. Harper ",1,"5600 South Harper "
"894","5600 S. Kimbark ",1,"5600 South Kimbark "
"895","5600 S. Lake Park",1,"5600 South Lake Park"
"896","5600 S. Stony Island",1,"5600 South Stony Island"
"897","5600 S. University ",1,"5600 South University "
"898","5600 South Shore Dr. ",1,"5600 South Shore Drive "
"899","5603 S. Dorchester ",1,"5603 South Dorchester "
"900","5607 S. Drexel ",1,"5607 South Drivexel "
"901","5608 S. Stony Island ",1,"5608 South Stony Island "
"902","5609 S. Kenwood ",1,"5609 South Kenwood "
"903","5609 S. Stony Island ",1,"5609 South Stony Island "
"904","5610 S. Ellis ",1,"5610 South Ellis "
"905","5611 S. Everett",1,"5611 South Everett"
"906","5615 S. Maryland ",1,"5615 South Maryland "
"907","5620 S. Cottage Grove ",1,"5620 South Cottage Grove "
"908","5620 S. Drexel ",1,"5620 South Drivexel "
"909","5620 S. Ellis ",1,"5620 South Ellis "
"910","5625 S. Lake Park",1,"5625 South Lake Park"
"911","5627 S. Dorchester ",1,"5627 South Dorchester "
"912","5628 S. Drexel",1,"5628 South Drivexel"
"913","5630 S. Ellis",1,"5630 South Ellis"
"914","5630 S. Lake Park ",1,"5630 South Lake Park "
"915","5631 S. Kimbark ",1,"5631 South Kimbark "
"916","5631 S. Maryland ",1,"5631 South Maryland "
"917","5632 S. Lake Shore Dr. ",1,"5632 South Lake Shore Drive "
"918","5633 S. Kenwood ",1,"5633 South Kenwood "
"919","5635 S. Kimbark ",1,"5635 South Kimbark "
"920","5640 S. Ellis",1,"5640 South Ellis"
"921","5641 S. Kimbark ",1,"5641 South Kimbark "
"922","5641 S. Woodlawn",1,"5641 South Woodlawn"
"923","5645 S. Cottage Grove ",1,"5645 South Cottage Grove "
"924","5645 S. Harper ",1,"5645 South Harper "
"925","5645 S. Maryland ",1,"5645 South Maryland "
"926","5649 S. Blackstone",1,"5649 South Blackstone"
"927","5650 S. Woodlawn ",1,"5650 South Woodlawn "
"928","5655 S. Cottage Grove",1,"5655 South Cottage Grove"
"929","5656 S. Maryland  ",1,"5656 South Maryland  "
"930","5657 S. Cottage Grove ",1,"5657 South Cottage Grove "
"931","5658 S. Blackstone ",1,"5658 South Blackstone "
"932","56th & Cornell",1,"56th and Cornell"
"933","56th & Drexel",1,"56th and Drivexel"
"934","56th & Lake Park ",1,"56th and Lake Park "
"935","56th at Kenwood ",1,"56th at Kenwood "
"936","56th St. at Everett",1,"56th Street at Everett"
"937","5700 S. Cornell",1,"5700 South Cornell"
"938","5700 S. Cottage Grove",1,"5700 South Cottage Grove"
"939","5700 S. Dorchester ",1,"5700 South Dorchester "
"940","5700 S. Everett",1,"5700 South Everett"
"941","5700 S. Harper",1,"5700 South Harper"
"942","5700 S. Kenwood",1,"5700 South Kenwood"
"943","5700 S. Kimbark",1,"5700 South Kimbark"
"944","5700 S. Lake Shore Dr. ",1,"5700 South Lake Shore Drive "
"945","5700 S. Maryland",1,"5700 South Maryland"
"946","5701 S. Ellis ",1,"5701 South Ellis "
"947","5701 S. University",1,"5701 South University"
"948","5701 S. University ",1,"5701 South University "
"949","5704 S. Harper",1,"5704 South Harper"
"950","5705 S. Cottage Grove ",1,"5705 South Cottage Grove "
"951","5706 S. University",1,"5706 South University"
"952","5706 S. University Reynolds Club)",1,"5706 South University Reynolds Club)"
"953","5707 S. Harper",1,"5707 South Harper"
"954","5710 S. Blackstone",1,"5710 South Blackstone"
"955","5710 S. Woodlawn",1,"5710 South Woodlawn"
"956","5720 S. University",1,"5720 South University"
"957","5720 S. Woodlawn",1,"5720 South Woodlawn"
"958","5720 S. Woodlawn ",1,"5720 South Woodlawn "
"959","5721 S. Cottage Grove",1,"5721 South Cottage Grove"
"960","5721 S. Cottage Grove ",1,"5721 South Cottage Grove "
"961","5722 S. Maryland",1,"5722 South Maryland"
"962","5725 S. Drexel ",1,"5725 South Drivexel "
"963","5727 S, Kimbark",1,"5727 South Kimbark"
"964","5728 S. Woodlawn",1,"5728 South Woodlawn"
"965","5729 S. Maryland ",1,"5729 South Maryland "
"966","5730 E. Drexel ",1,"5730 East Drivexel "
"967","5730 S. Cottage Grove",1,"5730 South Cottage Grove"
"968","5731 S. Cottage Grove ",1,"5731 South Cottage Grove "
"969","5731 S. Drexel ",1,"5731 South Drivexel "
"970","5732 S. University",1,"5732 South University"
"971","5734 S Ellis ",1,"5734 S Ellis "
"972","5737 S. Kimbark ",1,"5737 South Kimbark "
"973","5745 S. Cottage Grove",1,"5745 South Cottage Grove"
"974","5745 S. Drexel ",1,"5745 South Drivexel "
"975","5747 S. Drexel",1,"5747 South Drivexel"
"976","5747 S. Ellis",1,"5747 South Ellis"
"977","5747 S. University",1,"5747 South University"
"978","5756 S. Ellis ",1,"5756 South Ellis "
"979","5757 S. Cottage Grove",1,"5757 South Cottage Grove"
"980","5757 S. Woodlawn ",1,"5757 South Woodlawn "
"981","5758 S. Maryland",1,"5758 South Maryland"
"982","5759 S. Drexel",1,"5759 South Drivexel"
"983","5759 S. Kenwood ",1,"5759 South Kenwood "
"984","57th & Cottage Grove",1,"57th and Cottage Grove"
"985","57th & Shore Dr.",1,"57th and Shore Drive"
"986","57th & Stony Island",1,"57th and Stony Island"
"987","57th at Kenwood",1,"57th at Kenwood"
"988","5800 S. Dorchester ",1,"5800 South Dorchester "
"989","5800 S. Ellis",1,"5800 South Ellis"
"990","5800 S. Harper",1,"5800 South Harper"
"991","5800 S. Kenwood",1,"5800 South Kenwood"
"992","5800 S. University",1,"5800 South University"
"993","5800 S. University  ",1,"5800 South University  "
"994","5801 S. Cottage Grove",1,"5801 South Cottage Grove"
"995","5801 S. Cottage Grove ",1,"5801 South Cottage Grove "
"996","5801 S. Kenwood ",1,"5801 South Kenwood "
"997","5801 S. University ",1,"5801 South University "
"998","5808 S. Russell Dr. ",1,"5808 South Russell Drive "
"999","5810 S. Ellis ",1,"5810 South Ellis "
"1000","5811 S, Ellis ",1,"5811 South Ellis "
"1001","5811 S. Kenwood ",1,"5811 South Kenwood "
"1002","5812 S. Ellis",1,"5812 South Ellis"
"1003","5812 S. Kenwood",1,"5812 South Kenwood"
"1004","5813 S. Blackstone ",1,"5813 South Blackstone "
"1005","5815 S. Cottage Grove",1,"5815 South Cottage Grove"
"1006","5815 S. Ellis ",1,"5815 South Ellis "
"1007","5815 S. Greenwood ",1,"5815 South Greenwood "
"1008","5816 S. Kenwood ",1,"5816 South Kenwood "
"1009","5816 S. Maryland ",1,"5816 South Maryland "
"1010","5821 S. Drexel ",1,"5821 South Drivexel "
"1011","5824 S. Ellis ",1,"5824 South Ellis "
"1012","5825 S. Dorchester ",1,"5825 South Dorchester "
"1013","5825 S. Kimbark ",1,"5825 South Kimbark "
"1014","5827 S. University ",1,"5827 South University "
"1015","5828 S. University",1,"5828 South University"
"1016","5830 S. Ellis",1,"5830 South Ellis"
"1017","5835 S. Cottage Grove ",1,"5835 South Cottage Grove "
"1018","5835 S. Kimbark",1,"5835 South Kimbark"
"1019","5836 S. Greenwood",1,"5836 South Greenwood"
"1020","5839 S. Maryland",1,"5839 South Maryland"
"1021","5841 S. Maryland",1,"5841 South Maryland"
"1022","5850 S. Dorchester ",1,"5850 South Dorchester "
"1023","5850 S. Kenwood",1,"5850 South Kenwood"
"1024","5850 S. Maryland ",1,"5850 South Maryland "
"1025","5855 S. Cottage Grove",1,"5855 South Cottage Grove"
"1026","5855 S. University",1,"5855 South University"
"1027","5858 S. Dorchester ",1,"5858 South Dorchester "
"1028","58th & Cottage Grove ",1,"58th and Cottage Grove "
"1029","58th & Drexel",1,"58th and Drivexel"
"1030","58th & Ellis",1,"58th and Ellis"
"1031","58th near Dorchester",1,"58th and Dorchester"
"1032","5900 S. Blackstone ",1,"5900 South Blackstone "
"1033","5900 S. Ellis ",1,"5900 South Ellis "
"1034","5900 S. Kimbark ",1,"5900 South Kimbark "
"1035","5900 S. Maryland ",1,"5900 South Maryland "
"1036","5900 S. University",1,"5900 South University"
"1037","5900 S. University ",1,"5900 South University "
"1038","5900 S. Woodlawn ",1,"5900 South Woodlawn "
"1039","5901 S. Cottage Grove ",1,"5901 South Cottage Grove "
"1040","5917 S. Cottage Grove",1,"5917 South Cottage Grove"
"1041","5932 S.  Woodlawn ",1,"5932 South  Woodlawn "
"1042","5951 S. Ellis ",1,"5951 South Ellis "
"1043","59th & Blackstone",1,"59th and Blackstone"
"1044","59th & Stony Island",1,"59th and Stony Island"
"1045","59th & University",1,"59th and University"
"1046","59th at University",1,"59th at University"
"1047","59th St. near University",1,"59th Street and University"
"1048","6000 S. Stony Island ",1,"6000 South Stony Island "
"1049","6000 S. University",1,"6000 South University"
"1050","6010 S. Dorchester",1,"6010 South Dorchester"
"1051","6014 S. Stony Island ",1,"6014 South Stony Island "
"1052","6020 S, Drexel ",1,"6020 South Drivexel "
"1053","6020 S. University",1,"6020 South University"
"1054","6020 S. University ",1,"6020 South University "
"1055","6021 S. Cottage Grove ",1,"6021 South Cottage Grove "
"1056","6025 S. Ellis",1,"6025 South Ellis"
"1057","6027 S. Ingleside ",1,"6027 South Ingleside "
"1058","6030 S. Ellis",1,"6030 South Ellis"
"1059","6030 S. Kimbark ",1,"6030 South Kimbark "
"1060","6031  S. Ellis ",1,"6031  South Ellis "
"1061","6035 S. Ellis ",1,"6035 South Ellis "
"1062","6035 S. Harper ",1,"6035 South Harper "
"1063","6035 S. Kimbark",1,"6035 South Kimbark"
"1064","6040 S. Ellis ",1,"6040 South Ellis "
"1065","6040 S. University ",1,"6040 South University "
"1066","6041 S. Blackstone ",1,"6041 South Blackstone "
"1067","6049 S. Dorchester",1,"6049 South Dorchester"
"1068","6050 S. University ",1,"6050 South University "
"1069","6050 S. Woodlawn",1,"6050 South Woodlawn"
"1070","6052 S. Kenwood ",1,"6052 South Kenwood "
"1071","6054 S. Ellis ",1,"6054 South Ellis "
"1072","6055 S. Kimbark ",1,"6055 South Kimbark "
"1073","6059 S. Woodlawn ",1,"6059 South Woodlawn "
"1074","6060 S. Woodlawn ",1,"6060 South Woodlawn "
"1075","6069 S. Kimbark ",1,"6069 South Kimbark "
"1076","60th & Drexel",1,"60th and Drivexel"
"1077","60th & Ellis ",1,"60th and Ellis "
"1078","60th at Ellis",1,"60th at Ellis"
"1079","6100 S. Drexel",1,"6100 South Drivexel"
"1080","6100 S. Drexel ",1,"6100 South Drivexel "
"1081","6100 S. Ellis",1,"6100 South Ellis"
"1082","6100 S. Evans ",1,"6100 South Evans "
"1083","6100 S. Ingleside ",1,"6100 South Ingleside "
"1084","6100 S. Kenwood ",1,"6100 South Kenwood "
"1085","6100 S. University ",1,"6100 South University "
"1086","6100 S. Woodlawn",1,"6100 South Woodlawn"
"1087","6100 S. Woodlawn ",1,"6100 South Woodlawn "
"1088","6101 S. Cottage Grove ",1,"6101 South Cottage Grove "
"1089","6101 S. Woodlawn",1,"6101 South Woodlawn"
"1090","6105 S. Cottage Grove",1,"6105 South Cottage Grove"
"1091","6109 S. Evans",1,"6109 South Evans"
"1092","6117 S. Kimbark ",1,"6117 South Kimbark "
"1093","6120 S. Ellis ",1,"6120 South Ellis "
"1094","6122 S. Greenwood",1,"6122 South Greenwood"
"1095","6125 S. Drexel",1,"6125 South Drivexel"
"1096","6128 S. Kenwood",1,"6128 South Kenwood"
"1097","6129 S. Cottage Grove",1,"6129 South Cottage Grove"
"1098","6130 S. Blackstone",1,"6130 South Blackstone"
"1099","6132 S. Ellis",1,"6132 South Ellis"
"1100","6140 S. Drexel",1,"6140 South Drivexel"
"1101","6141 S. Kimbark",1,"6141 South Kimbark"
"1102","6144 S. University ",1,"6144 South University "
"1103","6147 S. Kimbark",1,"6147 South Kimbark"
"1104","6149 S. Drexel",1,"6149 South Drivexel"
"1105","6151 S. Woodlawn",1,"6151 South Woodlawn"
"1106","6153 S. Greenwood",1,"6153 South Greenwood"
"1107","6158 S. Greenwood ",1,"6158 South Greenwood "
"1108","61st & Dorchester",1,"61st and Dorchester"
"1109","61st & Ellis",1,"61st and Ellis"
"1110","61st & Woodlawn",1,"61st and Woodlawn"
"1111","61st and Kimbark",1,"61st and Kimbark"
"1112","6200 S, Drexel ",1,"6200 South Drivexel "
"1113","6200 S. Cottage Grove",1,"6200 South Cottage Grove"
"1114","6200 S. Drexel ",1,"6200 South Drivexel "
"1115","6200 S. Ellis ",1,"6200 South Ellis "
"1116","6200 S. Ingleside ",1,"6200 South Ingleside "
"1117","6202 S. Kimbark",1,"6202 South Kimbark"
"1118","6210 S. Kenwood",1,"6210 South Kenwood"
"1119","6213 S. University",1,"6213 South University"
"1120","6216 S. Ellis",1,"6216 South Ellis"
"1121","6220 S. Kenwood",1,"6220 South Kenwood"
"1122","6225 S. Kenwood ",1,"6225 South Kenwood "
"1123","6229 S. Ellis",1,"6229 South Ellis"
"1124","6231 S. Kimbark ",1,"6231 South Kimbark "
"1125","6240 S. Kimbark",1,"6240 South Kimbark"
"1126","6243 S. Drexel ",1,"6243 South Drivexel "
"1127","6245 S. Ingleside ",1,"6245 South Ingleside "
"1128","6257 S. Kenwood ",1,"6257 South Kenwood "
"1129","62nd & Ellis ",1,"62nd and Ellis "
"1130","62nd & Evans",1,"62nd and Evans"
"1131","62nd & Kimbark",1,"62nd and Kimbark"
"1132","62nd & University",1,"62nd and University"
"1133","62nd at Kimbark ",1,"62nd at Kimbark "
"1134","6300 S. Blackstone ",1,"6300 South Blackstone "
"1135","6300 S. Cottage Grove ",1,"6300 South Cottage Grove "
"1136","6300 S. Dorchester",1,"6300 South Dorchester"
"1137","6300 S. Dorchester ",1,"6300 South Dorchester "
"1138","6300 S. Drexel",1,"6300 South Drivexel"
"1139","6300 S. Greenwood",1,"6300 South Greenwood"
"1140","6300 S. Greenwood ",1,"6300 South Greenwood "
"1141","6300 S. Maryland",1,"6300 South Maryland"
"1142","6300 S. Stony Island",1,"6300 South Stony Island"
"1143","6300 S. University",1,"6300 South University"
"1144","6300 S. Woodlawn ",1,"6300 South Woodlawn "
"1145","6320 S. Dorchester",1,"6320 South Dorchester"
"1146","6320 S. Dorchester ",1,"6320 South Dorchester "
"1147","6320 S. Drexel",1,"6320 South Drivexel"
"1148","6330 S. Drexel ",1,"6330 South Drivexel "
"1149","6344 S. Greenwood ",1,"6344 South Greenwood "
"1150","6345 S. Greenwood",1,"6345 South Greenwood"
"1151","6349 S. Cottage Grove ",1,"6349 South Cottage Grove "
"1152","6350 S. Greenwood",1,"6350 South Greenwood"
"1153","6354 S. Greenwood ",1,"6354 South Greenwood "
"1154","6357 S. Greenwood",1,"6357 South Greenwood"
"1155","63rd & Kenwood",1,"63rd and Kenwood"
"1156","63rd & Stony Island",1,"63rd and Stony Island"
"1157","6400 S. Dorchester",1,"6400 South Dorchester"
"1158","6400 S. Woodlawn",1,"6400 South Woodlawn"
"1159","6411 S. Greenwood",1,"6411 South Greenwood"
"1160","6420 S. Ellis",1,"6420 South Ellis"
"1161","6448 S. Drexel",1,"6448 South Drivexel"
"1162","6450 S. Stony Island",1,"6450 South Stony Island"
"1163","707 E. 37th St. ",1,"707 East 37th Street "
"1164","750 E. 62nd St.",1,"750 East 62nd Street"
"1165","7800 S. Stony Island ",1,"7800 South Stony Island "
"1166","79th & Stony Island ",1,"79th and Stony Island "
"1167","800 E. 57th St. ",1,"800 East 57th Street "
"1168","801 E. 58th St. ",1,"801 East 58th Street "
"1169","801 E. 63rd St. ",1,"801 East 63rd Street "
"1170","804 E. 54th St.",1,"804 East 54th Street"
"1171","805 E. Midway Pl.",1,"805 East Midway Plaisance"
"1172","808 E. 61st St.",1,"808 East 61st Street"
"1173","810 E. Hyde Park",1,"810 East Hyde Park"
"1174","811 E. 54th St. ",1,"811 East 54th Street "
"1175","815 E. 54th St.",1,"815 East 54th Street"
"1176","815 E. 56th St.",1,"815 East 56th Street"
"1177","815 E. 59th St. ",1,"815 East 59th Street "
"1178","817 E. 61st St.",1,"817 East 61st Street"
"1179","817 E. 63rd St.",1,"817 East 63rd Street"
"1180","818 E. 45th St. ",1,"818 East 45th Street "
"1181","820 E. 46th St. ",1,"820 East 46th Street "
"1182","820 E. 50th St.",1,"820 East 50th Street"
"1183","820 E. Midway Pl.",1,"820 East Midway Plaisance"
"1184","821 E. 55th St.",1,"821 East 55th Street"
"1185","823 E. 53rd St.",1,"823 East 53rd Street"
"1186","825 E. 52nd St.",1,"825 East 52nd Street"
"1187","825 E. 52nd St. ",1,"825 East 52nd Street "
"1188","825 E. 55th St.",1,"825 East 55th Street"
"1189","825 E. 62nd St. ",1,"825 East 62nd Street "
"1190","826 E. 44th St. ",1,"826 East 44th Street "
"1191","830 E. 59th St. ",1,"830 East 59th Street "
"1192","831 E. 46th St. ",1,"831 East 46th Street "
"1193","832 E. 59th St. ",1,"832 East 59th Street "
"1194","832 E. Midway Pl.",1,"832 East Midway Plaisance"
"1195","834 E. 50th St.",1,"834 East 50th Street"
"1196","834 E. 53rd St.",1,"834 East 53rd Street"
"1197","836 E. 63rd St.",1,"836 East 63rd Street"
"1198","841 E. 46th St.",1,"841 East 46th Street"
"1199","842 E. 53rd St. ",1,"842 East 53rd Street "
"1200","846 E. 56th St. ",1,"846 East 56th Street "
"1201","848 E. 56th St. ",1,"848 East 56th Street "
"1202","850 E. 56th St.",1,"850 East 56th Street"
"1203","850 E. 61st St ",1,"850 East 61st St "
"1204","860 E. 59th St.",1,"860 East 59th Street"
"1205","860 E. 61st St. ",1,"860 East 61st Street "
"1206","860 E. Midway Pl.",1,"860 East Midway Plaisance"
"1207","865 E. 57th St. ",1,"865 East 57th Street "
"1208","865 E. 61st St.",1,"865 East 61st Street"
"1209","900 E.  57th St. ",1,"900 East  57th Street "
"1210","900 E. 55th St.",1,"900 East 55th Street"
"1211","900 E. 57th St.",1,"900 East 57th Street"
"1212","900 E. 59th St. ",1,"900 East 59th Street "
"1213","900 E. 60th St.",1,"900 East 60th Street"
"1214","900 E. Midway Pl. ",1,"900 East Midway Plaisance "
"1215","901 E. Midway Pl.",1,"901 East Midway Plaisance"
"1216","901 E.58th St. ",1,"901 East58th Street "
"1217","901q E. 58th St. ",1,"901q East 58th Street "
"1218","902 E. 58th St. ",1,"902 East 58th Street "
"1219","905 E. 56th St. ",1,"905 East 56th Street "
"1220","910 E. 58th St.",1,"910 East 58th Street"
"1221","912 E. 55th Dr.",1,"912 East 55th Drive"
"1222","915 E. 60th St.",1,"915 East 60th Street"
"1223","915 E. 61st St.",1,"915 East 61st Street"
"1224","915 E. 63rd St. ",1,"915 East 63rd Street "
"1225","915 E. Midway Pl.",1,"915 East Midway Plaisance"
"1226","919 E. 50th St.",1,"919 East 50th Street"
"1227","920 E. 59th St. ",1,"920 East 59th Street "
"1228","920 E. 61st St. ",1,"920 East 61st Street "
"1229","921 E. 54th Pl. ",1,"921 East 54th Place "
"1230","922 E. 61st St.",1,"922 East 61st Street"
"1231","923 E. 45th St.",1,"923 East 45th Street"
"1232","924 E. 56th St. ",1,"924 East 56th Street "
"1233","924 E. 58th St. ",1,"924 East 58th Street "
"1234","926 E. 61st St. ",1,"926 East 61st Street "
"1235","929 E, 57th St. ",1,"929 East 57th Street "
"1236","929 E. 57th St.",1,"929 East 57th Street"
"1237","929 E. 57th St. Gordon Center ",1,"929 East 57th Street Gordon Center "
"1238","929 E. 60th St. ",1,"929 East 60th Street "
"1239","930 E. 46th St.",1,"930 East 46th Street"
"1240","930 E. 55th St. ",1,"930 East 55th Street "
"1241","935 E. 54th Pl.",1,"935 East 54th Place"
"1242","935 E. 60th St.",1,"935 East 60th Street"
"1243","935 E. Midway Pl.",1,"935 East Midway Plaisance"
"1244","936 E. 54th St. ",1,"936 East 54th Street "
"1245","939 E. 45th St. ",1,"939 East 45th Street "
"1246","940 E. 57th St.",1,"940 East 57th Street"
"1247","9400 Southwest Hwy. Oak Lawn, IL",1,"9400 Southwest Highway Oak Lawn"
"1248","941 E. 54th St.",1,"941 East 54th Street"
"1249","943 E. 58th St.",1,"943 East 58th Street"
"1250","945 E. 57th St. ",1,"945 East 57th Street "
"1251","950 E. 53rd St.",1,"950 East 53rd Street"
"1252","950 E. 58th St. ",1,"950 East 58th Street "
"1253","950 E. 59th St.",1,"950 East 59th Street"
"1254","950 E. Hyde Park ",1,"950 East Hyde Park "
"1255","950 E. Midway Pl.",1,"950 East Midway Plaisance"
"1256","951 E. Midway Pl.",1,"951 East Midway Plaisance"
"1257","955 E. 62nd St. ",1,"955 East 62nd Street "
"1258","959 E. 61st St.",1,"959 East 61st Street"
"1259","961 E. 54th Pl.",1,"961 East 54th Place"
"1260","961 E. 58th St. ",1,"961 East 58th Street "
"1261","968 E. 60th St.",1,"968 East 60th Street"
"1262","969 E. 57th St. ",1,"969 East 57th Street "
"1263","970 E, 58th St. ",1,"970 East 58th Street "
"1264","970 E. 59th St. ",1,"970 East 59th Street "
"1265","970 E. 60th St.",1,"970 East 60th Street"
"1266","Area 64th & Minerva",1,"Area 64th and Minerva"
"1267","Area of 60th & Dorchester",1,"Area of 60th and Dorchester"
"1268","Blackstone at 59th",1,"Blackstone at 59th"
"1269","Blackstone near 53rd",1,"Blackstone and 53rd"
"1270","Blackstone near 54th",1,"Blackstone and 54th"
"1271","BSD ",1,"BSD "
"1272","Burton-Judson RH",1,"Burton-Judson RH"
"1273","Dan Ryan Exp. at 83rd St..",1,"Dan Ryan Exp. at 83rd Street."
"1274","Dorchester at 62nd",1,"Dorchester at 62nd"
"1275","E. 50th St. near Cornell",1,"East 50th Street and Cornell"
"1276","Ellis at Midway Pl.",1,"Ellis at Midway Plaisance"
"1277","Ellis near 62nd",1,"Ellis and 62nd"
"1278","Ellis near 62nd St.",1,"Ellis and 62nd Street"
"1279","Hammond, IN",1,"Hammond"
"1280","Hyde Park & Dorchester",1,"Hyde Park and Dorchester"
"1281","Hyde Park & Ingleside",1,"Hyde Park and Ingleside"
"1282","Hyde Park at 56th",1,"Hyde Park at 56th"
"1283","Interstate 290 - Oak Park, IL",1,"Interstate 290 - Oak Park"
"1284","Joliet, IL",1,"Joliet"
"1285","Kenwood at 52nd St.",1,"Kenwood at 52nd Street"
"1286","Kenwood near 58th St.",1,"Kenwood and 58th Street"
"1287","Kimbark at 60th St.",1,"Kimbark at 60th Street"
"1288","Kimbark at 63rd St.",1,"Kimbark at 63rd Street"
"1289","Max Palevsky Residence Hall",1,"Max Palevsky Residence Hall"
"1290","Max Palevsky RH",1,"Max Palevsky RH"
"1291","Metra Train",1,"Metra Train"
"1292","Midway Pl. at Ellis",1,"Midway Plaisance at Ellis"
"1293","Midway Pl. at University",1,"Midway Plaisance at University"
"1294","Off-Campus private apartment",1,"Off-Campus private apartment"
"1295","Off-Campus Private Apartment",1,"Off-Campus Private Apartment"
"1296","Out of Area",1,"Out of Area"
"1297","S. Woodlawn at 47th St,",1,"South Woodlawn at 47th Street"
"1298","Starbucks 865 E. 57th St.",1,"Starbucks 865 East 57th Street"
"1299","State St. & Roosevelt Rd.",1,"State Street and Roosevelt Rd."
"1300","Unknown Location",1,"Unknown Location"
"1301","Various Areas on Campus",1,"Various Areas on Campus"
"1302","Various locations within UCPD Patrol Area",1,"Various locations within UCPD Patrol Area"
"1303","Woodlawn at 52nd",1,"Woodlawn at 52nd"
"1304","Woodlawn at 52nd St.",1,"Woodlawn at 52nd Street"
"1305","Ellis between 54th & 55th",23,"Ellis  and  54th ,Ellis  and  55th"
"1306","Greenwood between 53rd & 54th",19,"Greenwood  and  53rd ,Greenwood  and  54th"
"1307","Woodlawn between 54th & 55th",15,"Woodlawn  and  54th ,Woodlawn  and  55th"
"1308","Ellis between 61st & 62nd",11,"Ellis  and  61st ,Ellis  and  62nd"
"1309","Kimbark between 57th & 58th",9,"Kimbark  and  57th ,Kimbark  and  58th"
"1310","Woodlawn between 52nd & 53rd",8,"Woodlawn  and  52nd ,Woodlawn  and  53rd"
"1311","Drexel between 52nd & 53rd",6,"Drivexel  and  52nd ,Drivexel  and  53rd"
"1312","Drexel between 53rd & 54th",6,"Drivexel  and  53rd ,Drivexel  and  54th"
"1313","University between 61st & 62nd",6,"University  and  61st ,University  and  62nd"
"1314","Greenwood between 54th & 55th",5,"Greenwood  and  54th ,Greenwood  and  55th"
"1315","Hyde Park between 55th & 56th",5,"Hyde Park  and  55th ,Hyde Park  and  56th"
"1316","Kimbark between 53rd & 54th",5,"Kimbark  and  53rd ,Kimbark  and  54th"
"1317","Kimbark between 61st & 62nd",5,"Kimbark  and  61st ,Kimbark  and  62nd"
"1318","Blackstone between 57th & 58th",4,"Blackstone  and  57th ,Blackstone  and  58th"
"1319","Dorchester between 56th & 57th",4,"Dorchester  and  56th ,Dorchester  and  57th"
"1320","Everett between 55th & 56th",4,"Everett  and  55th ,Everett  and  56th"
"1321","Harper between 57th & 58th",4,"Harper  and  57th ,Harper  and  58th"
"1322","Ingleside between 51st & 52nd",4,"Ingleside  and  51st ,Ingleside  and  52nd"
"1323","Ingleside between 52nd & 53rd",4,"Ingleside  and  52nd ,Ingleside  and  53rd"
"1324","Kenwood between 57th & 58th",4,"Kenwood  and  57th ,Kenwood  and  58th"
"1325","Kimbark between 51st & 52nd",4,"Kimbark  and  51st ,Kimbark  and  52nd"
"1326","Kimbark between 55th & 56th",4,"Kimbark  and  55th ,Kimbark  and  56th"
"1327","University between 56th & 57th",4,"University  and  56th ,University  and  57th"
"1328","Woodlawn between 53rd & 54th",4,"Woodlawn  and  53rd ,Woodlawn  and  54th"
"1329","Woodlawn between 61st & 62nd",4,"Woodlawn  and  61st ,Woodlawn  and  62nd"
"1330","Blackstone between 54th & 55th",3,"Blackstone  and  54th ,Blackstone  and  55th"
"1331","Blackstone between 58th & 59th",3,"Blackstone  and  58th ,Blackstone  and  59th"
"1332","Cornell between 53rd & 54th",3,"Cornell  and  53rd ,Cornell  and  54th"
"1333","Cornell between 54th & 55th",3,"Cornell  and  54th ,Cornell  and  55th"
"1334","Drexel between 54th & 55th",3,"Drivexel  and  54th ,Drivexel  and  55th"
"1335","Greenwood between 61st & 62nd",3,"Greenwood  and  61st ,Greenwood  and  62nd"
"1336","Harper between 54th & 55th",3,"Harper  and  54th ,Harper  and  55th"
"1337","Harper between 56th & 57th",3,"Harper  and  56th ,Harper  and  57th"
"1338","Harper between 58th & 59th",3,"Harper  and  58th ,Harper  and  59th"
"1339","Hyde Park between 54th & 55th",3,"Hyde Park  and  54th ,Hyde Park  and  55th"
"1340","Ingleside between 54th & 55th",3,"Ingleside  and  54th ,Ingleside  and  55th"
"1341","Kimbark between 52nd & 53rd",3,"Kimbark  and  52nd ,Kimbark  and  53rd"
"1342","Lake Shore Dr. between 50th & 51st",3,"Lake Shore Drive  and  50th ,Lake Shore Drive  and  51st"
"1343","Maryland between 53rd & 54th",3,"Maryland  and  53rd ,Maryland  and  54th"
"1344","Ridgewood between 54th & 55th",3,"Ridgewood  and  54th ,Ridgewood  and  55th"
"1345","University between 54th & 55th",3,"University  and  54th ,University  and  55th"
"1346","University between 57th & 58th",3,"University  and  57th ,University  and  58th"
"1347","50th Pl. between Cornell and East End",2,"50th Place  and  Cornell,50th Place  and East End"
"1348","53rd between Maryland & Drexel",2,"53rd  and  Maryland ,53rd  and  Drivexel"
"1349","53rd St. between Woodlawn & Kimbark",2,"53rd Street  and  Woodlawn ,53rd Street  and  Kimbark"
"1350","54th between Woodlawn & Kimbark",2,"54th  and  Woodlawn ,54th  and  Kimbark"
"1351","54th Pl. between University & Woodlawn",2,"54th Place  and  University ,54th Place  and  Woodlawn"
"1352","54th St. between Woodlawn and Kimbark",2,"54th Street  and  Woodlawn,54th Street  and Kimbark"
"1353","57th between Harper & Lake Park",2,"57th  and  Harper ,57th  and  Lake Park"
"1354","61st St. between Greenwood & University",2,"61st Street  and  Greenwood ,61st Street  and  University"
"1355","Cornell between 50th & 51st",2,"Cornell  and  50th ,Cornell  and  51st"
"1356","Dorchester between 49th & 50th",2,"Dorchester  and  49th ,Dorchester  and  50th"
"1357","Dorchester between 62nd & 63rd",2,"Dorchester  and  62nd ,Dorchester  and  63rd"
"1358","Ellis between 53rd & 54th",2,"Ellis  and  53rd ,Ellis  and  54th"
"1359","Greenwood between 51st & 52nd",2,"Greenwood  and  51st ,Greenwood  and  52nd"
"1360","Greenwood between 52nd & 53rd",2,"Greenwood  and  52nd ,Greenwood  and  53rd"
"1361","Harper between 55th & 56th",2,"Harper  and  55th ,Harper  and  56th"
"1362","Hyde Park between Greenwood & University",2,"Hyde Park  and  Greenwood ,Hyde Park  and  University"
"1363","Hyde Park between Kimbark & Kenwood",2,"Hyde Park  and  Kimbark ,Hyde Park  and  Kenwood"
"1364","Kenwood between 51st & 52nd",2,"Kenwood  and  51st ,Kenwood  and  52nd"
"1365","Kenwood between 56th & 57th",2,"Kenwood  and  56th ,Kenwood  and  57th"
"1366","Kimbark between 62nd & 63rd",2,"Kimbark  and  62nd ,Kimbark  and  63rd"
"1367","Madison Park between Kenwood & Dorchester",2,"Madison Park  and  Kenwood ,Madison Park  and  Dorchester"
"1368","Stony Island between 57th & 58th",2,"Stony Island  and  57th ,Stony Island  and  58th"
"1369","University between 61st & 62nd St.",2,"University  and  61st ,University  and  62nd Street"
"1370","Woodlawn between 55th & 56th",2,"Woodlawn  and  55th ,Woodlawn  and  56th"
"1371","Woodlawn between 56th & 57th",2,"Woodlawn  and  56th ,Woodlawn  and  57th"
"1372","Woodlawn between 62nd & 63rd",2,"Woodlawn  and  62nd ,Woodlawn  and  63rd"
"1373","44th St. between Greenwood & University",1,"44th Street  and  Greenwood ,44th Street  and  University"
"1374","49th St. between Drexel and Ellis",1,"49th Street  and  Drivexel,49th Street  and Ellis"
"1375","49th St. between Ellis and Greenwood",1,"49th Street  and  Ellis,49th Street  and Greenwood"
"1376","50th Pl. between Cornell & East End",1,"50th Place  and  Cornell ,50th Place  and  East End"
"1377","50th St. between Cornell & East End",1,"50th Street  and  Cornell ,50th Street  and  East End"
"1378","52nd between Drexel & Ingleside",1,"52nd  and  Drivexel ,52nd  and  Ingleside"
"1379","52nd between Ellis & Greenwood",1,"52nd  and  Ellis ,52nd  and  Greenwood"
"1380","52nd between Ingleside and Ellis",1,"52nd  and  Ingleside,52nd  and Ellis"
"1381","52nd St. between Cottage Grove & Drexel",1,"52nd Street  and  Cottage Grove ,52nd Street  and  Drivexel"
"1382","52nd St. between Drexel and Ellis",1,"52nd Street  and  Drivexel,52nd Street  and Ellis"
"1383","52nd St. between Greenwood & University",1,"52nd Street  and  Greenwood ,52nd Street  and  University"
"1384","52nd St. between Greenwood & University ",1,"52nd Street  and  Greenwood ,52nd Street  and  University "
"1385","52nd St. between Kimbark & Kenwood",1,"52nd Street  and  Kimbark ,52nd Street  and  Kenwood"
"1386","52nd St. between Woodlawn & Kimbark",1,"52nd Street  and  Woodlawn ,52nd Street  and  Kimbark"
"1387","53rd between Blackstone & Harper",1,"53rd  and  Blackstone ,53rd  and  Harper"
"1388","53rd between Cornell & Hyde Park",1,"53rd  and  Cornell ,53rd  and  Hyde Park"
"1389","53rd between Kenwood & Dorchester",1,"53rd  and  Kenwood ,53rd  and  Dorchester"
"1390","53rd between Woodlawn & Kimbark",1,"53rd  and  Woodlawn ,53rd  and  Kimbark"
"1391","53rd St between Ellis and Ingleside and Drexel",1,"53rd St  and  Ellis,53rd St  and Ingleside"
"1392","53rd St. between Blackstone & Harper",1,"53rd Street  and  Blackstone ,53rd Street  and  Harper"
"1393","53rd St. between Kimbark & Kenwood",1,"53rd Street  and  Kimbark ,53rd Street  and  Kenwood"
"1394","54th between Cottage and Drexel",1,"54th  and  Cottage,54th  and Drivexel"
"1395","54th between Ellis and Greenwood",1,"54th  and  Ellis,54th  and Greenwood"
"1396","54th between Greenwood & University",1,"54th  and  Greenwood ,54th  and  University"
"1397","54th between Greenwood and University",1,"54th  and  Greenwood,54th  and University"
"1398","54th between Harper & Lake Park",1,"54th  and  Harper ,54th  and  Lake Park"
"1399","54th between Ingleside & Ellis",1,"54th  and  Ingleside ,54th  and  Ellis"
"1400","54th between Kimbark & Kenwood",1,"54th  and  Kimbark ,54th  and  Kenwood"
"1401","54th between University & Woodlawn",1,"54th  and  University ,54th  and  Woodlawn"
"1402","54th Pl. between Greenwood & University",1,"54th Place  and  Greenwood ,54th Place  and  University"
"1403","54th Pl. between Ingleside & Ellis",1,"54th Place  and  Ingleside ,54th Place  and  Ellis"
"1404","54th Pl. between University and Woodlawn",1,"54th Place  and  University,54th Place  and Woodlawn"
"1405","54th St. between Dorchester and Blackstone",1,"54th Street  and  Dorchester,54th Street  and Blackstone"
"1406","54th St. between Dorchester and Harper",1,"54th Street  and  Dorchester,54th Street  and Harper"
"1407","54th St. between Hyde Park & Everett",1,"54th Street  and  Hyde Park ,54th Street  and  Everett"
"1408","54th St. between Hyde Park & Shore Dr.",1,"54th Street  and  Hyde Park ,54th Street  and  Shore Drive"
"1409","54th St. between University & Woodlawn",1,"54th Street  and  University ,54th Street  and  Woodlawn"
"1410","54th St. between Woodlawn & Kimbark",1,"54th Street  and  Woodlawn ,54th Street  and  Kimbark"
"1411","55th between Dorchester & Harper",1,"55th  and  Dorchester ,55th  and  Harper"
"1412","55th between Harper & Lake Park",1,"55th  and  Harper ,55th  and  Lake Park"
"1413","55th between Hyde Park and Everett",1,"55th  and  Hyde Park,55th  and Everett"
"1414","55th between Kenwood & Dorchester",1,"55th  and  Kenwood ,55th  and  Dorchester"
"1415","55th between Kimbark & Kenwood",1,"55th  and  Kimbark ,55th  and  Kenwood"
"1416","55th Pl. between Blackstone & Harper",1,"55th Place  and  Blackstone ,55th Place  and  Harper"
"1417","55th St. between Greenwood and University",1,"55th Street  and  Greenwood,55th Street  and University"
"1418","56th between Ellis & University",1,"56th  and  Ellis ,56th  and  University"
"1419","56th between Hyde Park & Everett",1,"56th  and  Hyde Park ,56th  and  Everett"
"1420","56th between Hyde Park and Everett",1,"56th  and  Hyde Park,56th  and Everett"
"1421","56th St. between Kimbark & Kenwood",1,"56th Street  and  Kimbark ,56th Street  and  Kenwood"
"1422","56th St. between Kimbark and Kenwood",1,"56th Street  and  Kimbark,56th Street  and Kenwood"
"1423","56th St. between University & Woodlawn",1,"56th Street  and  University ,56th Street  and  Woodlawn"
"1424","57th between Blackstone & Harper",1,"57th  and  Blackstone ,57th  and  Harper"
"1425","57th between Kimbark & Kenwood",1,"57th  and  Kimbark ,57th  and  Kenwood"
"1426","57th between University & Woodlawn",1,"57th  and  University ,57th  and  Woodlawn"
"1427","57th St. between Dorchester & Blackstone",1,"57th Street  and  Dorchester ,57th Street  and  Blackstone"
"1428","58th between Kenwood & Dorchester",1,"58th  and  Kenwood ,58th  and  Dorchester"
"1429","6100 Blocks between Greenwood and Kimbark",1,"6100 Blocks  and  Greenwood,6100 Blocks  and Kimbark"
"1430","61st between University & Woodlawn",1,"61st  and  University ,61st  and  Woodlawn"
"1431","61st between Woodlawn & Kimbark",1,"61st  and  Woodlawn ,61st  and  Kimbark"
"1432","62nd between Ellis & Greenwood",1,"62nd  and  Ellis ,62nd  and  Greenwood"
"1433","62nd St. between Kimbark & Kenwood",1,"62nd Street  and  Kimbark ,62nd Street  and  Kenwood"
"1434","65th St. between Harper and Stony Island",1,"65th Street  and  Harper,65th Street  and Stony Island"
"1435","Between 1100 E. 57th St. to 5801 S. Ellis",1," and  1100 East 57th Street to 5801 South Ellis, and NA"
"1436","Between 915 E. 60th St. & 6031 S. Ellis",1," and  915 East 60th Street , and  6031 South Ellis"
"1437","Between 970 E. 58th St. and 1100 E. 57th St.",1," and  970 East 58th Street, and 1100 East 57th Street"
"1438","Blackstone between 51st & 52nd",1,"Blackstone  and  51st ,Blackstone  and  52nd"
"1439","Blackstone between 52nd & 53rd",1,"Blackstone  and  52nd ,Blackstone  and  53rd"
"1440","Blackstone between 53rd & 54th",1,"Blackstone  and  53rd ,Blackstone  and  54th"
"1441","Blackstone between 55th & 56th",1,"Blackstone  and  55th ,Blackstone  and  56th"
"1442","Blackstone between 56th & 57th",1,"Blackstone  and  56th ,Blackstone  and  57th"
"1443","Cornell between 52nd & 53rd",1,"Cornell  and  52nd ,Cornell  and  53rd"
"1444","Cottage Grove between 53rd & 54th",1,"Cottage Grove  and  53rd ,Cottage Grove  and  54th"
"1445","Cottage Grove between 54th & 55th",1,"Cottage Grove  and  54th ,Cottage Grove  and  55th"
"1446","Cottage Grove between 62nd & 63rd",1,"Cottage Grove  and  62nd ,Cottage Grove  and  63rd"
"1447","Dorchester between 51st & 52nd",1,"Dorchester  and  51st ,Dorchester  and  52nd"
"1448","Dorchester between 51st & 53rd",1,"Dorchester  and  51st ,Dorchester  and  53rd"
"1449","Dorchester between 53rd & 54th",1,"Dorchester  and  53rd ,Dorchester  and  54th"
"1450","Dorchester between 54th & 55th",1,"Dorchester  and  54th ,Dorchester  and  55th"
"1451","Dorchester between 61st & 62nd",1,"Dorchester  and  61st ,Dorchester  and  62nd"
"1452","Drexel between 43rd & 44th ",1,"Drivexel  and  43rd ,Drivexel  and  44th "
"1453","Drexel between 50th & 51st",1,"Drivexel  and  50th ,Drivexel  and  51st"
"1454","Drexel between 51st & 52nd",1,"Drivexel  and  51st ,Drivexel  and  52nd"
"1455","Drexel between 53rd & 54th ",1,"Drivexel  and  53rd ,Drivexel  and  54th "
"1456","Drexel between 61st & 62nd St.",1,"Drivexel  and  61st ,Drivexel  and  62nd Street"
"1457","Ellis between 51st & 52nd",1,"Ellis  and  51st ,Ellis  and  52nd"
"1458","Ellis between 58th & 55th",1,"Ellis  and  58th ,Ellis  and  55th"
"1459","Ellis between 61st and 62nd",1,"Ellis  and  61st,Ellis  and 62nd"
"1460","Ellis between 62nd & 63rd",1,"Ellis  and  62nd ,Ellis  and  63rd"
"1461","Ellis between 63rd & 64th",1,"Ellis  and  63rd ,Ellis  and  64th"
"1462","Greenwood between  54th & 55th",1,"Greenwood  and   54th ,Greenwood  and  55th"
"1463","Greenwood between 48th & 49th",1,"Greenwood  and  48th ,Greenwood  and  49th"
"1464","Greenwood between 54th & 55th ",1,"Greenwood  and  54th ,Greenwood  and  55th "
"1465","Greenwood between 61st & 62nd ",1,"Greenwood  and  61st ,Greenwood  and  62nd "
"1466","Harper between 52nd & 53rd",1,"Harper  and  52nd ,Harper  and  53rd"
"1467","Harper between 52nd and 53rd",1,"Harper  and  52nd,Harper  and 53rd"
"1468","Harper between 53rd & 54th",1,"Harper  and  53rd ,Harper  and  54th"
"1469","Harper between 54th & 55th ",1,"Harper  and  54th ,Harper  and  55th "
"1470","Harper between 54th & 55th St.",1,"Harper  and  54th ,Harper  and  55th Street"
"1471","Harper between 60th & 61st",1,"Harper  and  60th ,Harper  and  61st"
"1472","Harper Ct. between 52nd & 53rd",1,"Harper Ct.  and  52nd ,Harper Ct.  and  53rd"
"1473","Harper Ct. between Harper & Lake Park",1,"Harper Ct.  and  Harper ,Harper Ct.  and  Lake Park"
"1474","Hyde Park between  Ingleside & Ellis",1,"Hyde Park  and   Ingleside ,Hyde Park  and  Ellis"
"1475","Hyde Park between 52nd and 53rd",1,"Hyde Park  and  52nd,Hyde Park  and 53rd"
"1476","Hyde Park between 53rd & 54th",1,"Hyde Park  and  53rd ,Hyde Park  and  54th"
"1477","Hyde Park between 54th & 55th St.",1,"Hyde Park  and  54th ,Hyde Park  and  55th Street"
"1478","Hyde Park between Kenwood & Dorchester",1,"Hyde Park  and  Kenwood ,Hyde Park  and  Dorchester"
"1479","Hyde Park between Kenwood and Dorchester",1,"Hyde Park  and  Kenwood,Hyde Park  and Dorchester"
"1480","Hyde Park between University & Woodlawn",1,"Hyde Park  and  University ,Hyde Park  and  Woodlawn"
"1481","Hyde Park between Woodlawn and Kimbark",1,"Hyde Park  and  Woodlawn,Hyde Park  and Kimbark"
"1482","Ingleside between 60th & 61st",1,"Ingleside  and  60th ,Ingleside  and  61st"
"1483","Ingleside between 61st & 62nd",1,"Ingleside  and  61st ,Ingleside  and  62nd"
"1484","Ingleside between 61st& 62nd",1,"Ingleside  and  61st,Ingleside  and  62nd"
"1485","Ingleside between 62nd & 63rd ",1,"Ingleside  and  62nd ,Ingleside  and  63rd "
"1486","Kenwood between 48th & 49th",1,"Kenwood  and  48th ,Kenwood  and  49th"
"1487","Kenwood between 48th & 49th ",1,"Kenwood  and  48th ,Kenwood  and  49th "
"1488","Kenwood between 52nd & 53rd",1,"Kenwood  and  52nd ,Kenwood  and  53rd"
"1489","Kenwood between 54th & 55th",1,"Kenwood  and  54th ,Kenwood  and  55th"
"1490","Kenwood between 55th & 56th",1,"Kenwood  and  55th ,Kenwood  and  56th"
"1491","Kenwood between 57th& 58th",1,"Kenwood  and  57th,Kenwood  and  58th"
"1492","Kenwood between 61st & 62nd",1,"Kenwood  and  61st ,Kenwood  and  62nd"
"1493","Kimbark Between 53rd & 54th",1,"Kimbark  and  53rd ,Kimbark  and  54th"
"1494","Kimbark between 53rd and 54th",1,"Kimbark  and  53rd,Kimbark  and 54th"
"1495","Kimbark between 54th & 55th",1,"Kimbark  and  54th ,Kimbark  and  55th"
"1496","Kimbark between 55th & 56th ",1,"Kimbark  and  55th ,Kimbark  and  56th "
"1497","Kimbark between 61st and 62nd",1,"Kimbark  and  61st,Kimbark  and 62nd"
"1498","Lake Park between 52nd & 53rd",1,"Lake Park  and  52nd ,Lake Park  and  53rd"
"1499","Lake Park between 54th & 55th",1,"Lake Park  and  54th ,Lake Park  and  55th"
"1500","Madison Park between Kimbark and Kenwood",1,"Madison Park  and  Kimbark,Madison Park  and Kenwood"
"1501","Madison Park between Woodlawn & Dorchester",1,"Madison Park  and  Woodlawn ,Madison Park  and  Dorchester"
"1502","Maryland between 56th & 57th",1,"Maryland  and  56th ,Maryland  and  57th"
"1503","Oakenwald between 45th & 46th",1,"Oakenwald  and  45th ,Oakenwald  and  46th"
"1504","Park Pl. between Blackstone & Harper",1,"Park Place  and  Blackstone ,Park Place  and  Harper"
"1505","Park Pl. between Kenwood and Dorchester",1,"Park Place  and  Kenwood,Park Place  and Dorchester"
"1506","Stony Island between 56th & 57th",1,"Stony Island  and  56th ,Stony Island  and  57th"
"1507","University between 51st & 52nd",1,"University  and  51st ,University  and  52nd"
"1508","University between 52nd & 53rd",1,"University  and  52nd ,University  and  53rd"
"1509","University between 53rd & 54th",1,"University  and  53rd ,University  and  54th"
"1510","University between 55th & 56th",1,"University  and  55th ,University  and  56th"
"1511","University between 55th & 56th St.",1,"University  and  55th ,University  and  56th Street"
"1512","University between 62nd & 63rd",1,"University  and  62nd ,University  and  63rd"
"1513","Woodlawn between 47th & 48th ",1,"Woodlawn  and  47th ,Woodlawn  and  48th "
"1514","Woodlawn between 50th & 51st",1,"Woodlawn  and  50th ,Woodlawn  and  51st"
"1515","Woodlawn between 50th & 51st St.",1,"Woodlawn  and  50th ,Woodlawn  and  51st Street"
"1516","Woodlawn between 54th & 55th ",1,"Woodlawn  and  54th ,Woodlawn  and  55th "
"1517","Woodlawn between 55th &56th",1,"Woodlawn  and  55th ,Woodlawn  and 56th"
"1518","6054 S. Drexel / Parking Structure",2,"6054 South Drivexel"
"1519","1005 E. 60th St. to 6031 S. Ellis",1,"1005 East 60th Street,6031 South Ellis"
"1520","1100 E. 57th St. to 5050 S. Lake Shore",1,"1100 East 57th Street,5050 South Lake Shore"
"1521","1100 E. 57th St. to 5655 S. University",1,"1100 East 57th Street,5655 South University"
"1522","1100 E. 57th St. to 5709 S. University",1,"1100 East 57th Street,5709 South University"
"1523","1118  E. 58th St. to 5807 S. Woodlawn",1,"1118  East 58th Street,5807 South Woodlawn"
"1524","1118 E. 58th to 6031 S. Ellis",1,"1118 East 58th,6031 South Ellis"
"1525","1155 E. 58th St. to 55th & Lake Park",1,"1155 East 58th Street,55th and Lake Park"
"1526","1362 E. 59th St. to 1526 E. 55th St.",1,"1362 East 59th Street,1526 East 55th Street"
"1527","4900 S. East End / Public Way)",1,"4900 South East End / Public Way),"
"1528","5100 S. East End to 1111 E. 60th St. ",1,"5100 South East End,1111 East 60th Street "
"1529","53rd St. to 1414 E. 59th St.",1,"53rd Street,1414 East 59th Street"
"1530","5487-91 S. Hyde Park / Fraternity House",1,"5487-91 South Hyde Park"
"1531","54th to 56th University",1,"54th,56th University"
"1532","5500 S. Lake Park / Unknown Location",1,"5500 South Lake Park"
"1533","5500 S. University to 5630 S. University",1,"5500 South University,5630 South University"
"1534","5500 S. University to 5811 S. Ellis",1,"5500 South University,5811 South Ellis"
"1535","5530 S. Ellis to 56th & University",1,"5530 South Ellis,56th and University"
"1536","55th & Cornell to 57th & Woodlawn",1,"55th and Cornell,57th and Woodlawn"
"1537","55th & Ellis to 51st & University",1,"55th and Ellis,51st and University"
"1538","55th & Ellis to 53rd & Woodlawn",1,"55th and Ellis,53rd and Woodlawn"
"1539","55th & Hyde Park to 57th & Ellis",1,"55th and Hyde Park,57th and Ellis"
"1540","55th & Lake Park to 54th & Kenwood",1,"55th and Lake Park,54th and Kenwood"
"1541","55th & Woodlawn to 5521 S. University",1,"55th and Woodlawn,5521 South University"
"1542","55th to 56th / University to Woodlawn",1,"55th and University,56th and University"
"1543","5640 S. Ellis to 56th & Cornell",1,"5640 South Ellis,56th and Cornell"
"1544","56th & Cottage Grove to 56th & Ellis",1,"56th and Cottage Grove,56th and Ellis"
"1545","5730 S. Ellis to 5900 S. Ellis",1,"5730 South Ellis,5900 South Ellis"
"1546","57th & Ellis to 54th & Ingleside",1,"57th and Ellis,54th and Ingleside"
"1547","57th & Ellis to 55th & South Shore Dr.",1,"57th and Ellis,55th and South Shore Drive"
"1548","57th & Ellis to 61st & University",1,"57th and Ellis,61st and University"
"1549","57th & Stony Island to 5811 S. Ellis",1,"57th and Stony Island,5811 South Ellis"
"1550","57th & University to 60th & Kimbark",1,"57th and University,60th and Kimbark"
"1551","58th & Ellis to 60th & Ellis",1,"58th and Ellis,60th and Ellis"
"1552","6031 S. Ellis to 1307 E. 60th",1,"6031 South Ellis,1307 East 60th"
"1553","60th & Drexel to 61st & Kimbark",1,"60th and Drivexel,61st and Kimbark"
"1554","60th & Ellis to 55th& Hyde Park ",1,"60th and Ellis,55thand Hyde Park "
"1555","61-63 Cottage Grove to Woodlawn",1,"61-63 Cottage Grove,Woodlawn"
"1556","61st & Ellis to 1414 E. 59th St.",1,"61st and Ellis,1414 East 59th Street"
"1557","61st & Kenwood to 5815 S. Maryland",1,"61st and Kenwood,5815 South Maryland"
"1558","Lake Park / 48th to 49th",1,"48th and Lake Park,49th and Lake Park"
"1559","UC Campus / Max Palevsky Residence Hall",1,"Max Palevsky Residence Hall"
"1560","UC Campus / Student Housing Facility",1,"UC Campus / Student Housing Facility,"
